volatile acidity,density,alcohol,quality
0.27,1.001,8.8,6
0.3,0.994,9.5,6
0.28,0.9951,10.1,6
0.23,0.9956,9.9,6
0.23,0.9956,9.9,6
0.28,0.9951,10.1,6
0.32,0.9949,9.6,6
0.27,1.001,8.8,6
0.3,0.994,9.5,6
0.22,0.9938,11,6
0.27,0.9908,12,5
0.23,0.9947,9.7,5
0.18,0.992,10.8,5
0.16,0.9912,12.4,7
0.42,1.0002,9.7,5
0.17,0.9914,11.4,7
0.48,0.9928,9.6,6
0.66,0.9892,12.8,8
0.34,0.9917,11.3,6
0.31,0.9955,9.5,5
0.66,0.9892,12.8,8
0.31,0.9912,11,7
0.26,0.993,10.5,8
0.67,0.9937,9.3,5
0.27,0.9951,10,6
0.25,0.9955,10.4,6
0.24,0.993,10,6
0.28,0.9961,10.5,6
0.27,0.9914,11.6,6
0.32,0.9906,12.3,7
0.24,0.9974,10,6
0.14,0.9934,10.2,6
0.25,0.992,10.8,6
0.12,0.9939,9,6
0.27,0.9962,10.2,5
0.28,0.9905,12.8,5
0.39,0.9934,10,5
0.33,0.9906,11.2,6
0.24,0.9999,8.6,5
0.24,0.9999,8.6,5
0.23,0.9937,9.4,6
0.24,0.9937,9.4,6
0.31,0.9954,9.8,6
0.24,0.9934,9.5,6
0.23,0.9934,9.5,6
0.18,0.9931,10,7
0.45,0.994,9.8,4
0.46,0.9939,9.8,5
0.31,0.9954,9.8,6
0.19,0.995,9.8,5
0.19,0.9917,11.7,6
0.25,0.9914,11,7
0.16,0.991,10.9,7
0.18,0.9911,10.9,6
0.2,0.993,9.1,6
0.25,0.9908,11,6
0.21,0.9962,9.6,6
0.19,0.9972,8.9,6
0.38,0.9931,10.2,6
0.2,0.9926,9.9,6
0.22,0.9951,8.6,6
0.19,0.9972,8.9,6
0.47,0.991,10.5,5
0.38,0.9931,10.2,6
0.24,0.9927,10.3,6
0.35,0.9934,9.1,5
0.26,0.9903,12.6,7
0.25,0.992,9.8,5
0.23,0.9926,10.7,8
0.24,0.9962,9.5,5
0.27,0.9956,9,6
0.3,0.9958,9.5,5
0.27,0.9964,10,5
0.23,0.9941,9.1,6
0.23,0.9926,10.7,8
0.24,0.9962,9.5,5
0.18,0.9898,12.7,7
0.32,0.9912,12,7
0.18,0.9961,9.3,5
0.54,0.9949,9,5
0.22,0.9929,10.6,6
0.2,0.9985,9.2,6
0.34,0.9946,10,5
0.22,0.9966,9.5,6
0.43,0.9974,8.7,5
0.44,0.9975,8.7,6
0.39,0.9974,8.7,6
0.25,0.9972,9.7,6
0.43,0.9974,8.7,5
0.44,0.9975,8.7,6
0.39,0.9974,8.7,6
0.27,0.9957,9,5
0.24,0.99,12.6,7
0.21,0.9899,12.6,7
0.17,0.9916,11.5,7
0.26,0.9969,9.2,6
0.34,0.9979,8.8,6
0.265,0.9913,11.4,7
0.36,0.9956,10.1,4
0.34,0.9979,8.8,6
0.25,0.9975,9.1,5
0.12,0.9962,9.4,5
0.21,0.997,9.4,5
0.305,1,9,5
0.25,0.9975,9.1,5
0.13,0.9974,9.2,6
0.12,0.9962,9.4,5
0.23,0.999,9.1,6
0.23,0.999,9.1,6
0.33,0.9927,10.3,5
0.17,0.9959,8.8,6
0.27,1,8.9,5
0.31,0.9982,9.2,5
0.41,0.9968,9.1,5
0.41,0.9968,9.1,5
0.485,0.994,9.7,4
0.31,0.9914,11.3,6
0.14,0.9911,11.8,6
0.31,0.9982,9.2,5
0.32,0.9982,9.2,5
0.36,0.9934,10.2,5
0.24,0.9984,8.8,5
0.16,0.9952,9.7,5
0.19,0.9952,9.1,6
0.13,0.9928,9.8,6
0.19,0.9912,11,6
0.39,0.994,10.5,5
0.24,0.9958,9.7,7
0.3,0.9924,10.9,7
0.3,0.9924,10.9,6
0.26,0.994,10.6,5
0.24,0.9958,9.7,7
0.425,0.9979,9,5
0.24,0.9982,9.2,5
0.27,0.9961,8.9,5
0.27,0.9979,9.6,5
0.23,0.992,10.7,6
0.37,0.9975,8.7,5
0.19,0.9917,10.8,7
0.28,0.9923,11.8,6
0.31,0.9927,10.2,5
0.37,0.9975,8.7,5
0.21,0.992,10.8,6
0.21,0.9947,9.7,6
0.2,0.9921,11.2,6
0.255,0.9905,10.9,6
0.16,0.9918,10.1,6
0.595,0.9951,9,4
0.34,0.9917,12,7
0.25,0.994,9.4,6
0.22,0.9934,11.5,7
0.18,0.9968,9.9,6
0.25,0.994,9.4,6
0.18,0.9919,10.4,5
0.23,0.9966,9.7,6
0.24,0.9979,8.9,6
0.24,0.9979,8.9,6
0.32,0.9898,12.4,7
0.44,0.9894,12.1,8
0.44,0.9894,12.1,8
0.32,0.9898,12.4,7
0.22,0.998,9.1,5
0.36,0.9932,10.6,5
0.24,0.9979,8.9,6
0.24,0.997,9.5,5
0.23,0.9972,9.8,5
0.27,0.9974,9.6,6
0.46,0.9896,12.6,7
0.29,0.9968,9.3,5
0.42,0.9958,10,5
0.3,0.9906,12.7,6
0.19,0.9917,11,6
0.48,0.9902,11.4,4
0.22,0.9918,11.5,7
0.27,0.999,10.2,5
0.23,0.9927,11.4,6
0.32,0.991,12.6,4
0.23,0.9972,9.4,5
0.67,0.9931,8.7,4
0.25,0.995,9.2,6
0.33,0.9951,9.3,6
0.34,0.9936,9.2,5
0.28,1.001,8.7,5
0.27,0.9979,9.6,6
0.26,0.997,9.3,5
0.29,0.9972,9.3,5
0.24,0.9954,9.9,6
0.3,0.9924,11,5
0.53,0.9906,12.7,8
0.28,0.9962,8.9,4
0.28,0.9962,8.9,6
0.28,1.001,8.7,5
0.28,0.9928,11.4,6
0.15,0.9942,9.6,5
0.29,0.9942,9.1,5
0.3,0.9942,9.1,6
0.29,0.9942,9.1,5
0.26,0.9961,8.9,5
0.32,0.998,8.8,5
0.26,0.9961,8.9,5
0.27,0.9984,9.3,5
0.32,0.998,8.8,5
0.54,0.9973,9.6,5
0.26,0.9949,12,6
0.28,0.9924,10.2,4
0.21,0.9972,8.8,5
0.16,0.9958,9.2,5
0.44,0.9968,9.9,4
0.57,0.9938,10.2,5
0.4,0.993,9.5,6
0.245,0.994,10.5,5
0.18,0.9918,11.2,7
0.16,0.9958,9.2,5
0.13,0.9944,9.7,6
0.25,0.9912,11.1,7
0.26,0.9961,9.4,5
0.27,0.9939,11,5
0.26,0.9961,9.4,5
0.28,0.9989,9.4,5
0.23,0.9938,11,5
0.27,0.9939,11,5
0.685,0.9971,9.1,6
0.25,0.9912,11.1,7
0.19,0.9936,9.1,6
0.495,0.9929,10.4,6
0.24,0.9998,8.7,5
0.17,0.9938,9.7,6
0.25,0.9969,9.1,6
0.17,0.9938,9.7,6
0.24,0.9998,8.7,5
0.64,0.9972,8.9,4
0.28,0.9976,9.6,6
0.27,0.9976,9.5,6
0.23,0.9979,9,6
0.23,0.9979,9,6
0.23,0.9979,9,6
0.23,0.9979,9,6
0.52,0.9972,9.6,6
0.26,0.9918,11.1,7
0.25,0.9982,9.6,6
0.32,0.9985,8.7,5
0.31,0.9944,10.4,5
0.21,0.9903,11.4,7
0.24,0.9934,9.7,6
0.4,0.9975,8.7,5
0.18,0.9923,11.3,6
0.21,0.99,12.6,7
0.2,0.9905,10.9,7
0.19,0.9905,10.9,7
0.41,0.996,10,5
0.21,0.9964,10,4
0.26,0.998,9.8,3
0.4,0.9975,8.7,5
0.24,0.9913,11.7,3
0.24,0.9932,9.3,6
0.26,0.9935,9.6,8
0.35,0.9927,11,7
0.35,0.9927,11,7
0.23,0.9912,11.8,6
0.36,0.9904,11.4,4
0.115,0.9939,10.2,6
0.29,0.9996,8.9,5
0.28,0.9944,10.2,5
0.29,0.9977,9.6,6
0.24,0.9912,10.6,6
0.29,0.9996,8.9,5
0.32,0.9965,9.2,6
0.58,0.9944,9.7,5
0.585,0.9945,9.7,6
0.59,0.9944,9.7,6
0.32,0.9965,9.2,6
0.6,0.9944,9.7,5
0.25,0.9972,9.3,5
0.58,0.9949,9,5
0.29,0.9966,9.5,5
0.19,0.9954,9.8,6
0.2,0.9954,9.8,6
0.26,0.9915,10.6,5
0.32,0.9919,10.6,4
0.3,0.9916,12.4,7
0.24,0.99,12.6,8
0.31,0.9909,12.3,8
0.44,0.9938,10.5,4
0.34,0.9982,9.3,5
0.35,0.9988,8.8,5
0.32,0.9961,8.8,5
0.28,0.9978,9.7,6
0.23,0.9979,9,7
0.23,0.9979,9,7
0.23,0.9979,9,7
0.23,0.9979,9,7
0.15,0.9945,10.5,6
0.28,1,9.1,5
0.28,0.9957,9.8,7
0.59,0.9968,8.5,3
0.33,0.9934,9.4,6
0.39,0.9976,9.4,5
0.19,0.9932,11.2,7
0.17,0.997,10,6
0.17,0.9923,10.3,6
0.41,0.9914,10.8,6
0.2,0.992,10.5,6
0.41,0.9914,10.8,6
0.29,0.9914,11.1,6
0.41,0.9949,9.9,6
0.41,0.9949,9.9,6
0.43,0.995,9.9,5
0.4,0.995,9.9,6
0.33,0.9927,10.4,7
0.31,0.9928,10.4,6
0.36,0.9917,11.5,7
0.55,0.9918,12.5,8
0.25,0.9954,10,6
0.36,0.9941,10,6
0.34,0.9941,10,5
0.28,0.9934,9.1,6
0.25,0.9927,10.6,6
0.24,0.9938,10.5,5
0.3,0.9933,11.5,7
0.125,0.9934,10.1,6
0.1,0.9927,10.3,7
0.24,0.9938,10.5,5
0.25,0.9927,10.6,6
0.28,0.9946,10.4,6
0.41,0.993,11.4,5
0.27,0.9946,10.5,5
0.26,0.9976,10,6
0.34,0.9944,10,6
0.28,0.9978,9.6,6
0.21,0.992,10.4,5
0.32,0.9912,12.5,8
0.24,0.9927,10.6,5
0.23,0.9906,11.8,6
0.28,0.9954,9.8,5
0.26,0.9923,10.8,5
0.23,0.9906,11.8,6
0.23,0.991,11.2,6
0.27,0.9972,9.3,6
0.26,0.9945,10.4,5
0.18,0.9934,10.2,7
0.2,0.9964,9,7
0.24,0.9948,10,6
0.26,0.9962,9.1,6
0.31,0.9931,10,5
0.29,0.993,10,6
0.145,0.9942,9.6,6
0.34,0.9906,11.2,7
0.19,0.9995,8.8,6
0.18,0.998,10,6
0.17,0.997,10,5
0.12,0.9914,11.4,7
0.33,0.992,11.9,7
0.335,0.9924,9.6,6
0.33,0.992,11.9,7
0.4,0.9937,9.6,6
0.22,0.9978,9,6
0.22,0.9978,9,6
0.36,0.9927,9.5,6
0.2,0.994,10.4,6
0.24,0.9935,10.6,6
0.24,0.9968,10.2,6
0.365,0.9941,8.9,5
0.15,0.9942,9.7,6
0.22,0.9978,9,6
0.16,0.9923,11.4,7
0.26,0.9912,12.3,7
0.18,0.9923,10.8,6
0.33,0.9927,9.4,6
0.29,0.9931,10.6,6
0.39,0.9941,11.6,5
0.33,0.9927,9.4,6
0.29,0.9931,10.6,6
0.905,0.9934,10,5
0.27,0.9936,9.2,6
0.33,0.9893,12.5,7
0.33,0.9893,12.5,7
0.31,0.9919,10.4,7
0.2,0.9924,10,7
0.32,0.9927,10,6
0.31,0.9919,10.4,7
0.2,0.9924,10,7
0.28,0.9975,9,6
0.35,0.9969,9.2,6
0.27,0.9936,9.2,6
0.36,0.991,11.3,7
0.33,0.9893,12.5,7
0.17,0.9906,10.8,7
0.39,0.9941,10.1,5
0.21,0.995,9.7,6
0.3,0.9983,9.3,7
0.3,0.9983,9.3,7
0.36,0.9916,10.6,5
0.55,0.9957,10.2,6
0.24,0.99,12.2,6
0.37,0.9976,8.8,5
0.27,0.992,10,5
0.28,0.9917,11.4,5
0.2,0.9917,11.4,6
0.26,0.9993,9.4,5
0.19,0.9908,11.7,6
0.2,0.9917,11.4,6
0.37,0.9976,8.8,5
0.35,0.9934,9.2,5
0.27,1,8.7,5
0.22,0.9918,12.6,6
0.27,0.992,10,5
0.28,0.9896,12.8,7
0.49,0.9932,9.4,5
0.14,0.992,10.3,6
0.28,0.9917,11.4,5
0.25,0.9999,9,6
0.28,0.998,9.6,6
0.19,0.9918,10.5,5
0.19,0.9918,10.5,5
0.25,0.9999,9,6
0.28,0.998,9.6,6
0.21,0.9927,9.8,6
0.26,0.9959,9,5
0.21,0.9927,9.8,6
0.31,0.9929,10.5,6
0.22,0.9898,12.7,7
0.21,0.9954,10.4,6
0.21,0.9954,10.4,6
0.21,0.9954,10.4,6
0.23,0.9954,10.5,7
0.21,0.9954,10.4,6
0.21,0.9954,10.4,6
0.29,0.9974,9.4,5
0.21,0.9936,9.1,5
0.31,0.9978,9.3,5
0.29,0.9974,9.4,5
0.34,0.9927,9.8,5
0.155,0.9934,9.9,7
0.55,0.9938,9.2,4
0.23,0.9922,12.1,8
0.2,0.992,12.2,7
0.28,0.9935,9.8,5
0.16,0.9906,12.4,8
0.155,0.9934,9.9,7
0.35,0.9934,9.2,5
0.22,0.9913,11.6,7
0.38,0.9938,10.4,6
0.25,0.9898,12.9,8
0.52,0.9975,9.3,6
0.24,0.9975,11,6
0.32,0.9937,11.5,3
0.28,0.9914,12.4,5
0.41,0.9982,9.8,6
0.41,0.9982,9.8,6
0.28,0.9929,10.5,7
0.6,0.9971,9.1,5
0.2,0.9921,10.1,5
0.46,0.9931,10.6,7
0.27,0.9924,10.5,7
0.28,0.9929,10.5,7
0.41,0.9982,9.8,6
0.23,0.9892,12.9,7
0.21,0.9956,9.5,5
0.37,0.9924,9.8,6
0.43,0.9971,8.5,5
0.21,0.9956,9.5,5
0.25,0.9982,9.3,5
0.25,0.9973,9.5,5
0.32,0.9932,9.4,6
0.39,0.9976,8.7,5
0.21,0.9962,8.9,5
0.14,0.9956,9.4,6
0.32,0.9932,9.4,6
0.39,0.9976,8.7,5
0.29,0.9992,9.6,5
0.37,0.9983,9.3,6
0.38,0.9937,10,5
0.24,0.99,12.5,6
0.17,0.9944,9.6,7
0.16,0.9938,9.4,6
0.24,0.9965,9.5,5
0.28,0.9893,12.4,7
0.22,0.9927,10.5,6
0.55,0.994,9.2,6
0.22,0.9928,10.4,6
0.47,0.9964,9.2,5
0.36,0.9917,10.6,6
0.25,0.9972,9.5,5
0.47,0.9964,9.2,5
0.37,0.9954,9.6,5
0.18,0.993,9.7,6
0.16,0.9928,9.7,6
0.34,0.9916,10.7,6
0.29,0.9936,10.5,6
0.26,0.9962,8.9,6
0.28,0.9899,12.1,6
0.23,0.9898,12.7,7
0.19,0.996,9.9,6
0.19,0.9907,11.4,6
0.2,0.994,10.7,6
0.44,0.9913,12.5,6
0.4,0.9976,8.6,4
0.23,0.9904,12.5,6
0.335,0.992,10,5
0.4,0.9976,8.6,4
0.28,0.999,9.5,6
0.19,0.9975,9.6,6
0.3,0.9937,9.9,6
0.3,0.9937,9.9,5
0.18,0.998,8.9,6
0.18,0.998,8.9,6
0.51,0.9944,8.8,5
0.24,0.9938,10,7
0.62,0.9907,12,6
0.24,0.9938,10,7
0.27,0.9921,10,6
0.34,0.9908,12.1,6
0.26,0.9931,11,6
0.36,0.9915,11.2,6
0.28,0.9952,10.3,7
0.31,0.9926,10.4,6
0.18,0.9934,9.1,5
0.15,0.992,10.4,6
0.13,0.9918,10.8,6
0.34,0.9942,11.7,5
0.19,0.9942,9.8,5
0.19,0.9942,9.8,5
0.25,0.9901,11.4,6
0.36,0.9898,11.2,6
0.35,0.9902,11.4,5
0.32,0.9934,9.2,6
0.31,0.9906,12.5,4
0.28,0.9898,12.6,6
0.36,0.9896,12.2,6
0.19,0.9922,11.2,6
0.1,0.9947,9.7,6
0.18,0.9945,9.3,5
0.25,0.9976,9,6
0.25,0.9976,9,6
0.25,0.9976,9,6
0.345,0.9987,9.1,5
0.345,0.9987,9.1,5
0.25,0.9976,9,6
0.24,0.992,10.4,5
0.25,0.9955,9.5,6
0.31,0.9953,11.4,4
0.46,0.9976,8.7,5
0.35,0.992,9.9,6
0.24,0.9952,9.9,6
0.28,0.9983,9,6
0.16,0.9933,10,6
0.26,0.9958,9.7,6
0.22,0.9922,11.8,6
0.18,0.9928,10.2,7
0.46,0.9976,8.7,5
0.3,0.9976,9.6,7
0.25,0.9916,11.3,7
0.28,0.9901,12.1,7
0.3,0.9976,9.6,7
0.28,0.9901,12.1,7
0.25,0.9916,11.3,7
0.35,0.9982,9.4,5
0.41,0.993,10.4,6
0.21,0.9969,9.5,5
0.34,0.991,12.3,6
0.21,0.9953,9.9,7
0.37,0.9924,10.1,5
0.34,0.9969,9.2,6
0.3,0.9928,10.4,7
0.51,0.9945,9.1,5
0.22,0.9967,10,6
0.35,0.9944,11.5,6
0.26,0.9928,9.8,5
0.26,0.9929,9.8,6
0.28,0.9948,9.4,6
0.41,0.9976,8.7,5
0.28,0.9912,11.6,7
0.34,0.9987,8.8,5
0.2,0.99,12.7,7
0.2,0.991,11.7,7
0.22,0.9933,10.2,6
0.23,0.9933,10.2,6
0.22,0.9899,12.7,7
0.28,0.9912,11.6,7
0.38,0.9912,12.3,7
0.41,0.9976,8.7,5
0.18,0.994,9.4,5
0.3,0.9947,10.1,6
0.24,0.9954,9.7,6
0.25,0.993,10.1,7
0.24,0.9954,9.7,6
0.26,0.9963,8.9,6
0.32,0.992,10.8,7
0.28,0.9926,10.8,7
0.23,0.995,9.5,6
0.31,0.9983,9.1,5
0.2,0.992,10.9,6
0.41,0.9968,9.4,5
0.45,0.9905,10.8,5
0.475,0.9904,10.8,5
0.27,0.9926,10.5,7
0.41,0.9968,9.4,5
0.29,0.9928,10.8,6
0.27,0.9949,10.5,8
0.19,0.9909,11.5,7
0.3,0.9937,9.4,6
0.24,0.9914,10.8,6
0.45,0.9905,10.8,5
0.475,0.9904,10.8,5
0.26,0.9924,9.8,6
0.26,0.9924,9.8,6
0.25,0.9965,9.6,5
0.25,0.9965,9.6,5
0.28,0.9993,9.5,5
0.37,0.9965,10.7,6
0.36,0.9908,12.4,8
0.24,0.992,11.1,6
0.23,0.9978,8.8,5
0.21,0.9978,8.7,5
0.21,0.9978,8.7,5
0.23,0.9978,8.8,5
0.32,0.9912,11.7,7
0.26,0.9928,10.9,6
0.24,0.9928,10.8,6
0.19,0.993,9.6,6
0.46,0.9993,9,5
0.26,0.9965,9,5
0.32,0.9937,10.4,6
0.24,0.9913,11.4,5
0.36,0.9934,9.3,5
0.24,0.9952,11,8
0.56,0.9983,9.1,4
0.32,0.9957,9.4,6
0.32,0.9957,9.4,6
0.31,0.9916,10.5,6
0.23,0.9999,8.8,5
0.23,0.9999,8.8,5
0.24,0.9936,10.7,6
0.29,0.9972,9.5,5
0.17,0.9933,10.9,6
0.14,0.9934,10.8,6
0.17,0.9931,10.8,7
0.28,0.9976,9.2,5
0.35,0.9937,10.3,5
0.335,0.9937,10.3,5
0.235,0.991,11,7
0.28,0.9979,9,4
0.21,0.9971,10.4,6
0.24,0.9969,9.5,5
0.24,0.9968,9.5,5
0.26,0.9961,9,5
0.33,0.993,9.5,4
0.105,0.9973,9,6
0.32,0.9944,10,5
0.26,0.9986,9.1,7
0.26,0.9986,9.1,7
0.26,0.9986,9.1,7
0.26,0.9986,9.1,7
0.24,0.9972,9.5,6
0.21,0.9917,11.4,7
0.27,0.992,12.2,6
0.27,0.9932,11.3,6
0.34,0.9936,10.2,5
0.27,0.9915,11.3,5
0.29,0.9922,10,4
0.28,0.9934,9.4,5
0.25,0.9952,12.2,7
0.57,0.9972,9.2,4
0.28,0.9934,9.4,5
0.17,0.9958,9.6,6
0.28,0.9944,9.5,5
0.22,0.9908,12.5,6
0.17,0.9958,9.6,6
0.14,0.9925,10,6
0.24,0.9966,9.3,5
0.42,0.9972,9.3,6
0.28,0.9912,11.6,6
0.32,0.995,12.5,8
0.31,0.9928,10.6,6
0.32,0.9968,9.4,5
0.28,0.9955,9.1,6
0.29,0.9981,9,6
0.32,0.991,11.8,7
0.32,0.991,11.8,7
0.32,0.991,11.8,7
0.28,0.992,10,5
0.34,0.9931,9.7,5
0.25,0.997,9.5,6
0.27,0.9948,9.4,5
0.46,0.9923,11.2,5
0.36,0.9976,9,5
0.22,0.9938,10.7,7
0.67,0.9984,9,4
0.28,0.9972,9.1,6
0.17,0.9922,10.8,7
0.2,0.9935,10.1,4
0.36,0.9944,9.9,6
0.36,0.9942,9.8,5
0.37,0.9944,9.8,5
0.29,0.9997,9.5,6
0.34,0.9977,9.5,5
0.19,0.9912,11.1,6
0.31,0.9982,9.5,5
0.31,0.9982,9.5,5
0.31,0.9983,9.4,5
0.4,0.998,9.7,5
0.34,0.9894,13.9,7
0.38,0.9927,10.1,4
0.33,0.9917,10.5,6
0.25,0.9904,12.6,6
0.27,0.993,10.9,5
0.31,0.9941,10,5
0.18,0.9943,11.2,6
0.2,0.99855,10,6
0.47,0.99345,9.2,5
0.25,0.998,9.5,5
0.27,0.9916,12.3,6
0.27,0.9916,12.3,6
0.31,0.99475,10,5
0.39,0.99325,10.8,6
0.21,0.9933,10.5,7
0.42,0.9969,9.2,6
0.27,1.0002,9.1,5
0.21,0.9933,10.5,7
0.29,0.9937,10.2,7
0.29,0.99685,8.9,5
0.3,0.99455,10.4,5
0.31,0.9917,11.7,6
0.33,0.99035,12.4,8
0.3,0.9914,10.9,7
0.39,0.99225,10.2,5
0.24,0.99155,11.7,7
0.21,0.9954,9.4,5
0.16,0.99455,10.5,5
0.33,0.9924,9.4,5
0.23,0.99695,10.4,6
0.25,0.99655,9.5,6
0.28,0.9934,11.1,7
0.25,0.998,9.1,6
0.38,0.9971,9.2,5
0.25,0.9948,9.6,6
0.25,0.998,9.1,6
0.38,0.9971,9.2,5
0.21,0.99215,10.8,7
0.25,0.9948,9.6,6
0.39,0.9915,12.6,3
0.2,0.99115,11,6
0.2,0.9932,10.2,6
0.26,0.9977,9.4,5
0.38,0.99535,10,5
0.2,0.99165,12.2,6
0.21,0.9953,10.5,6
0.29,0.9928,11.5,6
0.18,0.9958,9.8,6
0.3,0.9928,11.4,6
0.29,0.9928,11.5,6
0.2,0.9964,10.2,6
0.2,0.9987,9.4,6
0.21,0.9953,10.5,6
0.35,0.9932,9.1,5
0.28,0.9907,12.2,7
0.25,0.99755,9.5,5
0.22,0.99935,9.3,6
0.14,0.9932,9.8,7
0.13,0.9932,9.8,7
0.18,0.9958,9.8,6
0.2,0.99585,9.8,6
0.24,1.00055,8.7,5
0.44,0.9985,10.2,6
0.3,0.99505,9.5,6
0.27,0.992,11,6
0.5,0.9988,9.2,5
0.2,0.99175,10.9,6
0.11,0.9962,9.3,7
0.11,0.9962,9.3,7
0.12,0.9942,9.8,7
0.16,0.9927,9.3,7
0.21,0.9927,9.3,7
0.27,0.99985,9.4,5
0.27,0.997,10.4,9
0.225,0.9918,12.1,6
0.14,0.99215,11,6
0.23,0.99865,9,5
0.22,0.9992,9.5,7
0.17,1.0006,8.8,8
0.395,0.99135,11.2,4
0.29,0.99715,9.3,6
0.22,0.9992,9.5,7
0.17,1.0006,8.8,8
0.23,0.99865,9,5
0.3,0.99815,9.3,6
0.34,0.99815,9.2,6
0.34,0.99815,9.2,6
0.34,0.9949,10,7
0.3,0.99815,9.3,6
0.34,0.99815,9.2,6
0.24,0.99225,10.9,7
0.46,0.99445,10,5
0.24,0.99225,10.9,7
0.32,0.99335,9.3,5
0.31,0.99625,9,5
0.42,0.9971,9.2,6
0.24,0.9983,9.6,6
0.18,0.99445,9.4,6
0.18,0.99085,11.1,8
0.27,0.9977,8.9,6
0.28,0.9953,9.3,5
0.39,0.99775,9.3,5
0.21,0.99795,9.8,7
0.32,0.99505,9.8,6
0.27,0.9977,8.9,6
0.31,0.9975,9.6,5
0.29,0.99745,9.6,6
0.39,0.9976,9,6
0.3,0.99775,9.5,6
0.28,0.9953,9.3,5
0.41,0.9932,9.2,6
0.35,0.99405,9.1,7
0.26,1,9.5,6
0.35,0.99785,10.5,6
0.3,0.9939,9,5
0.18,0.9939,11.7,5
0.56,0.99675,9.1,5
0.3,0.9939,9,5
0.56,0.99675,9.1,5
0.36,0.98965,12.4,9
0.655,0.9971,9.2,6
0.18,0.99445,9.4,5
0.19,0.9945,9.6,6
0.18,0.9939,11.7,5
0.21,0.9958,9.8,6
0.25,0.9956,10.2,6
0.24,0.99055,12.5,9
0.16,0.9959,10.9,7
0.16,0.9925,11,7
0.205,0.9963,10.5,6
0.17,0.9935,11.5,4
0.3,0.99105,12.8,8
0.25,0.99045,12.2,6
0.205,0.9963,10.5,6
0.42,0.99155,12.8,8
0.25,0.99085,11.9,8
0.25,0.99085,11.9,8
0.25,0.99085,11.9,8
0.34,0.9924,12,7
0.33,0.9924,12,7
0.23,0.99975,8.8,7
0.23,0.99975,8.8,7
0.19,0.99315,10.8,7
0.21,0.9917,11,8
0.21,0.9917,11,8
0.22,0.99845,9.3,5
0.34,0.9921,10.8,5
0.23,0.99975,8.8,7
0.2,0.9909,11.5,6
0.19,0.99315,10.8,7
0.38,0.99855,9.4,5
0.18,0.9934,9.5,7
0.34,0.9978,8.6,5
0.18,0.9934,9.5,7
0.2,0.9949,10.3,7
0.38,0.99855,9.4,5
0.4,0.9986,9.4,5
0.22,0.99725,10,7
0.3,0.9946,9.4,5
0.27,0.99255,10.4,8
0.25,0.9996,9.1,7
0.34,0.9939,9.9,6
0.28,0.99,12.1,6
0.33,0.9937,9.9,5
0.27,0.9886,12.5,6
0.18,0.9934,9.5,7
0.18,1,8.5,8
0.28,0.9994,9,7
0.24,0.9926,10.1,6
0.45,0.9956,9.4,5
0.34,0.9978,8.6,5
0.26,0.9915,10.7,6
0.17,0.9939,9.6,3
0.15,0.9932,10.1,5
0.21,0.993,10,7
0.36,0.9898,12.7,9
0.28,0.9921,10.2,6
0.16,0.9932,8.9,6
0.12,0.9919,11.9,8
0.21,0.993,10,7
0.36,0.9953,9.9,6
0.26,0.9928,11.5,6
0.26,0.9928,11.5,6
0.23,0.9976,9.8,6
0.34,0.9906,12.2,7
0.26,0.9918,11.4,6
0.3,0.99185,11,7
0.26,0.9918,11.4,6
0.3,0.99185,11,7
0.31,0.994,9.9,6
0.26,0.9908,11,7
0.26,0.9928,9.4,5
0.31,0.9896,12.2,7
0.26,0.9908,11,7
0.19,0.9918,10.3,6
0.18,0.9952,10.5,6
0.29,0.9923,10.5,6
0.26,0.9915,10.9,6
0.18,0.9952,10.5,6
0.2,0.9947,11,7
0.29,0.9983,9.7,6
0.28,0.9975,8.9,5
0.31,0.995,9.6,6
0.21,0.9944,8.8,8
0.19,0.994,11.1,4
0.27,0.9944,10.3,4
0.25,0.9908,12.2,8
0.23,0.99795,9.8,4
0.24,0.9985,8.8,5
0.33,0.99425,9.9,5
0.33,0.99425,9.9,5
0.34,0.9943,9.9,5
0.29,0.9924,9.2,5
0.32,0.9946,9.5,4
0.29,0.9924,9.2,5
0.13,0.995,10.3,7
0.3,0.9919,11,6
0.24,0.99,11.9,6
0.18,0.9923,10.2,7
0.11,0.9956,9.4,7
0.32,0.9978,8.9,6
0.32,0.9978,8.9,6
0.26,0.9967,10,6
0.28,0.9934,10.7,8
0.27,0.9936,9.8,5
0.595,0.9932,9.3,5
0.25,0.9934,9.5,7
0.25,0.998,10,5
0.36,0.9978,9,5
0.17,0.9929,11.9,7
0.26,0.9974,8.9,5
0.26,0.99685,10,6
0.29,0.99495,9.6,5
0.28,0.99745,8.9,5
0.27,0.99505,8.9,5
0.43,0.992,11.4,5
0.36,0.9978,9,5
0.35,0.9956,10,6
0.24,0.9982,9.6,7
0.34,0.99485,9.7,5
0.27,0.9971,9.5,6
0.415,0.99265,10,7
0.48,0.9904,12.2,7
0.18,0.9965,8.7,7
0.15,0.9946,10.2,7
0.345,0.99965,9.6,5
0.16,0.9935,10,5
0.705,0.996,9.5,4
0.25,0.9942,11.5,5
0.345,0.9936,9.5,5
0.22,0.9965,9.8,6
0.17,0.9928,10.1,6
0.23,0.9928,10,5
0.22,0.9965,9.8,6
0.345,0.9936,9.5,5
0.32,0.9938,9.5,5
0.23,0.9926,10.2,7
0.2,0.9926,10.2,7
0.24,0.9983,9,6
0.24,0.9983,9,6
0.42,0.992,12.3,7
0.24,0.9983,9,6
0.19,0.9923,11.6,6
0.26,0.9972,9.5,6
0.23,0.9928,11.5,5
0.34,0.9928,9.6,6
0.22,0.9994,9,6
0.08,0.991,12,7
0.42,0.9906,11.4,7
0.42,0.9894,12.3,7
0.27,0.9898,12.6,7
0.22,0.9994,9,6
0.08,0.991,12,7
0.13,0.9925,11.7,6
0.3,0.9956,9.2,5
0.13,0.9946,10.3,6
0.14,0.9966,8.6,5
0.28,0.9951,10.7,7
0.2,0.9927,9.8,5
0.19,0.9927,9.8,6
0.28,0.9951,10.7,7
0.39,0.9894,12.5,6
0.36,0.9907,11.9,6
0.19,0.9925,10.8,5
0.41,0.9928,10.5,6
0.28,0.9941,10.3,6
0.3,0.9941,10.3,6
0.19,0.9925,10.8,5
0.28,0.9935,12,7
0.16,0.9932,10.2,6
0.26,0.9944,10.2,4
0.25,0.9972,9.9,5
0.24,0.994,10.1,4
0.18,0.9956,9.5,6
0.27,0.9927,10.5,6
0.26,0.9924,10.4,5
0.24,0.9966,9.5,6
0.24,0.9997,9.2,6
0.21,0.9936,10.1,7
0.19,0.9936,9.8,7
0.28,0.9952,9.4,5
0.28,0.9952,9.4,6
0.24,0.9928,10.4,7
0.36,0.9911,11.3,6
0.18,0.993,10.8,6
0.36,0.9911,11.3,6
0.52,0.9932,9.3,5
0.22,0.993,10.3,7
0.15,0.993,10.5,6
0.16,0.9932,10.3,6
0.16,0.9932,11.2,7
0.16,0.9943,10.3,6
0.25,0.9968,9.5,5
0.16,0.9994,8.9,5
0.39,0.9926,10.2,5
0.37,0.9968,9.2,5
0.16,0.9932,10.3,6
0.18,0.9916,10.5,6
0.14,0.9946,9.5,6
0.2,0.9925,11.4,7
0.2,0.9925,11.4,7
0.19,0.9935,11.1,8
0.19,0.9962,10.5,6
0.34,0.9928,12,6
0.15,0.993,9.7,6
0.14,0.993,10.2,6
0.55,0.9956,9.5,4
0.24,0.9941,10.4,7
0.6,0.9972,9.3,4
0.2,0.9948,10.5,6
0.34,0.9955,10,6
0.3,0.9972,10.2,6
0.3,0.9972,10.2,6
0.64,0.9983,9.1,3
0.17,0.9942,10.2,6
0.17,0.9936,10.7,5
0.47,0.9956,9.7,5
0.15,0.9953,9.3,7
0.17,0.9918,11,5
0.68,0.995,10.8,4
0.275,0.992,10.7,5
0.49,0.9952,10.7,4
0.33,1.001,8.8,5
0.21,0.9924,10.9,7
0.15,0.9932,10.5,5
0.19,0.9937,10,5
0.31,0.9918,10.4,5
0.4,0.9934,9.2,5
0.37,0.991,12.6,6
0.24,0.9962,9,5
0.21,0.9932,9.2,6
0.29,0.9908,11.3,5
0.29,0.9962,10.3,4
0.31,0.9918,10.4,5
0.26,0.9941,10,5
0.21,0.9931,10.7,6
0.51,0.9981,9,5
0.21,0.9931,10.7,6
0.3,0.9944,8.7,4
0.26,0.992,11.6,7
0.21,0.9966,9.4,5
0.26,0.9956,9.5,5
0.26,0.9956,9.5,5
0.26,0.9949,10.9,6
0.22,1.0002,9.7,5
0.3,0.9942,9.1,6
0.19,0.9923,11.1,7
0.33,0.9917,12.6,7
0.2,0.9931,11,6
0.37,0.992,11.3,7
0.22,1.0002,9.7,5
0.29,0.9953,10.9,7
0.34,0.9951,10.9,5
0.55,0.9974,9.3,6
0.4,0.9904,12.7,7
0.28,0.9974,10.1,6
0.26,0.9944,10,5
0.26,1.0004,9.8,5
0.34,0.9952,10.1,6
0.15,0.9956,9,7
0.27,0.995,9.4,6
0.27,0.995,9.4,6
0.2,0.9995,9.2,6
0.23,0.9942,10.1,7
0.31,0.9977,8.6,5
0.24,0.992,11.2,8
0.24,0.992,11.2,8
0.2,0.9995,9.2,6
0.17,0.9934,10.6,7
0.21,1.0006,9.3,6
0.21,0.9982,8.9,6
0.21,0.9928,10.6,6
0.17,0.9945,10.6,7
0.24,0.9963,8.8,5
0.24,0.9906,11,8
0.28,0.9956,10.2,6
0.23,0.9942,10.1,7
0.29,0.9962,10.1,6
0.29,0.9894,14,7
0.27,0.995,9.4,6
0.17,0.9908,11.8,6
0.16,0.9914,11.4,5
0.29,0.9938,10.7,5
0.31,0.9977,8.6,5
0.32,0.9922,11.5,7
0.24,0.992,11.2,8
0.37,0.9903,12.6,7
0.29,0.9893,12.6,7
0.22,0.9952,9.3,4
0.37,0.9903,12.6,7
0.18,0.9912,12.1,6
0.22,0.9983,9.9,6
0.18,0.9937,10.7,5
0.52,0.9932,10,4
0.15,0.9928,10.4,8
0.415,0.9922,10.5,5
0.45,0.9976,9.7,5
0.415,0.9922,10.5,5
0.5,0.9974,9,5
0.105,0.998,9.2,6
0.4,0.9931,10.1,6
0.25,0.9911,11.4,7
0.36,0.9944,10.8,5
0.23,0.9937,10.9,5
0.55,0.9974,9.2,6
0.115,0.989,12.9,7
0.125,0.992,12,7
0.1,0.9928,9.5,5
0.25,0.9918,11.8,7
0.2,0.9936,9.1,6
0.23,0.9944,9.7,6
0.39,0.9988,9.1,5
0.22,0.994,10,5
0.41,0.9953,10.4,5
0.25,0.9986,9.5,6
0.26,0.9914,12.3,8
0.31,0.9934,11.7,8
0.28,0.996,9.5,5
0.31,0.9937,11.5,5
0.16,0.9921,10.6,6
0.34,0.998,10.2,5
0.28,0.996,9.5,5
0.24,0.9933,10.5,5
0.25,0.9933,10.5,5
0.32,0.9959,8.9,5
0.27,0.9936,10.6,5
0.34,0.9953,9.5,5
0.17,0.9938,10.8,6
0.25,0.9952,9.5,5
0.32,0.9959,8.9,5
0.32,0.9959,8.9,5
0.6,0.9937,9.4,4
0.395,0.992,10.6,6
0.16,0.9967,9,4
0.33,0.9944,10.5,4
0.3,0.9998,9,6
0.3,0.9998,9,6
0.26,0.9942,9.4,6
0.3,0.9998,9,6
0.14,0.9945,9.6,6
0.3,0.9998,9,6
0.25,0.9946,10.2,7
0.26,0.9942,9.4,6
0.23,0.9928,10.4,6
0.24,0.9946,10.4,5
0.45,0.9927,9.5,5
0.23,0.9938,10.6,6
0.2,0.9918,11,5
0.14,0.9945,9.6,6
0.25,0.9966,9.9,6
0.61,0.9954,9.6,5
0.21,0.9913,12.8,6
0.22,0.9931,11.4,5
0.26,0.9986,10,6
0.25,0.9965,9.1,5
0.32,0.9984,9.4,7
0.25,0.9952,10.2,6
0.44,0.9956,9.2,5
0.2,0.9949,9.4,5
0.61,0.9954,9.6,5
0.42,0.996,10.1,6
0.22,0.9931,11.4,5
0.26,0.992,10.6,6
0.46,0.9912,12.8,7
0.41,0.9978,8.9,5
0.32,0.9938,9.3,5
0.21,0.9914,11.1,8
0.21,0.9932,9.9,6
0.26,0.9944,9.6,5
0.21,0.9913,12.8,6
0.25,0.9948,10.7,7
0.26,0.998,9.2,6
0.22,0.9998,9.1,7
0.37,0.9964,9.6,6
0.22,0.9992,9.2,6
0.25,0.9948,10.7,7
0.22,0.9998,9.1,7
0.26,0.998,9.2,6
0.25,0.9939,10.7,7
0.18,0.992,10.8,6
0.17,0.9922,10.8,7
0.3,0.9955,9,5
0.33,0.9917,10.7,6
0.33,0.9917,10.7,6
0.33,0.9954,9.4,5
0.26,0.9986,8.8,6
0.3,0.9955,9,5
0.21,0.9917,11.5,6
0.23,0.9907,12.5,6
0.28,0.9922,10.5,6
0.27,0.9958,9.7,5
0.32,0.993,11.3,6
0.33,0.9917,10.7,6
0.24,0.9926,10.8,6
0.28,0.9959,10.6,5
0.37,0.9906,11.7,8
0.61,0.9993,9.2,5
0.26,0.993,11.1,8
0.37,0.9906,11.7,8
0.23,0.992,11,6
0.4,0.992,12.5,7
0.28,0.994,10,6
0.28,0.9959,10.6,5
0.23,0.9908,12.3,7
0.32,0.9902,12.7,6
0.23,0.9908,12.3,7
0.18,0.9943,10.5,5
0.26,0.9921,12.5,6
0.33,0.9911,12.4,3
0.29,0.9986,8.7,6
0.41,0.992,12.4,7
0.44,0.992,12.6,7
0.39,0.9943,11,6
0.26,0.9937,10.1,6
0.32,0.993,10.5,5
0.32,0.9902,12.7,6
0.24,0.9928,10.9,5
0.44,0.9896,13.5,7
0.25,0.998,9.7,5
0.14,0.9954,9.2,6
0.18,0.9938,10.6,7
0.43,0.9918,13.3,7
0.44,0.9896,13.5,7
0.26,0.9944,10.1,5
0.66,0.9999,9.4,4
0.2,0.9953,10.6,7
0.21,0.992,11.3,6
0.18,0.9925,10.8,7
0.57,0.9981,10.4,5
0.26,0.9952,10.5,7
0.245,0.9927,9.3,5
0.245,0.9927,9.3,6
0.25,0.9911,12.2,7
0.16,0.9936,9.2,5
0.22,0.9959,10.3,6
0.18,0.9946,9.4,6
0.17,0.9948,10.2,6
0.29,0.9955,9,6
0.21,0.9951,9.3,6
0.23,0.9952,9.2,6
0.19,0.9946,9.4,6
0.18,0.9946,9.4,6
0.29,0.9944,9.5,6
0.14,0.9938,9.9,5
0.31,0.9963,11.1,7
0.28,0.991,12.3,8
0.22,1.0003,8.6,7
0.31,0.9966,9.4,5
0.35,0.9993,9.4,6
0.22,1.0003,8.6,7
0.5,0.9938,10.9,5
0.39,0.9965,9.4,5
0.5,0.9938,10.9,5
0.35,0.9993,9.4,6
0.22,0.9938,9.2,6
0.22,1.0003,8.6,7
0.31,0.9966,9.4,5
0.24,0.9942,10.8,6
0.27,0.9928,10.5,6
0.16,0.991,12.5,6
0.27,0.9911,12.1,7
0.31,0.9977,8.7,5
0.45,0.9927,12.7,8
0.27,0.9911,12.1,7
0.16,0.991,12.5,6
0.16,0.9912,11.4,7
0.21,0.9907,12.9,7
0.32,0.9902,12.8,7
0.16,0.992,11.2,6
0.16,0.994,9.7,6
0.23,0.9966,9.7,6
0.17,0.993,10.3,6
0.39,0.993,11.6,4
0.41,0.993,11.6,4
0.23,0.9966,9.7,6
0.38,0.9942,10.9,6
0.42,0.9925,12.6,7
0.34,0.9925,12.4,6
0.23,0.9928,11.5,5
0.245,0.995,10.2,6
0.2,0.9939,11.4,5
0.19,0.9958,9.6,6
0.2,0.9952,10.3,6
0.59,1,9.3,5
0.14,0.9948,10.7,7
0.24,0.99,12.8,8
0.14,0.9958,9.5,5
0.15,0.9948,10.4,6
0.17,0.9949,10.3,6
0.365,0.997,9.9,6
0.23,0.9927,10.7,6
0.25,0.9938,10.5,5
0.32,0.9949,9.6,5
0.31,0.9953,9.3,6
0.2,0.997,10,6
0.255,0.9932,11.2,6
0.15,0.9927,10.8,5
0.15,0.9932,10.3,6
0.25,0.9955,8.8,5
0.19,0.9914,12.8,6
0.43,0.991,13.2,6
0.31,0.992,10.1,6
0.2,0.9924,11,5
0.16,0.9927,10.8,6
0.32,0.9911,12.8,7
0.22,0.9958,9.2,6
0.26,0.9928,10.5,6
0.37,0.9902,11.7,6
0.19,0.994,9.5,5
0.21,0.994,9.5,5
0.15,0.9972,8.8,6
0.16,1.0004,9.3,7
0.21,0.991,12.6,8
0.24,0.9918,12.4,6
0.21,0.995,10.1,6
0.29,0.9941,11.2,8
0.18,0.9956,10,5
0.18,0.9956,10,5
0.58,0.9959,10.8,6
0.16,0.9922,10,6
0.54,0.9931,10.4,5
0.58,0.9959,10.8,6
0.25,0.9984,9.8,6
0.23,0.9908,12.2,8
0.39,0.991,12.7,8
0.46,0.9928,12.2,7
0.35,0.9936,11.9,7
0.29,0.9941,11.2,8
0.35,0.9924,10.4,4
0.57,0.9917,12.8,7
0.37,0.9906,12.7,7
0.21,0.995,10.1,6
0.18,0.9956,10,5
0.13,0.9955,9,5
0.19,0.9907,11.4,5
0.22,1,8.9,6
0.29,0.9953,9.3,6
0.35,0.9911,12,8
0.19,0.9922,10.8,7
0.12,0.9951,10.5,6
0.13,0.9948,10.6,7
0.25,0.9906,11.3,7
0.32,0.994,9.5,4
0.19,0.9907,11.4,5
0.13,0.9927,10.1,7
0.14,0.9914,10.9,6
0.27,0.9958,8.9,5
0.22,1,8.9,6
0.64,0.9984,9.3,5
0.28,0.9941,10.4,6
0.26,0.9944,12,7
0.22,0.998,9.5,6
0.22,0.998,9.5,6
0.23,0.9902,12.4,7
0.3,0.9911,11.2,7
0.27,0.9929,11.4,6
0.28,0.993,11.4,6
0.28,0.9918,11.1,7
0.46,0.992,10.4,6
0.38,0.9932,12,7
0.43,0.992,12.3,7
0.56,0.994,9.1,6
0.36,0.9923,10.5,6
0.23,0.993,11.4,6
0.33,0.9956,9.5,5
0.49,0.9907,13.7,7
0.42,0.99,13.4,6
0.18,0.9918,11.3,7
0.19,0.9926,10,6
0.19,0.995,10.1,6
0.16,0.99,12.2,6
0.42,0.99,13.4,6
0.135,0.9946,9.3,6
0.49,0.9907,13.7,7
0.19,0.9898,12.3,7
0.18,0.9918,11.3,7
0.25,0.9986,8.9,7
0.25,0.9986,8.9,7
0.2,0.9928,11.5,6
0.25,0.9986,8.9,7
0.67,0.9979,9.3,6
0.4,0.994,11.1,8
0.26,0.9937,10.9,8
0.31,0.9938,11.6,5
0.39,0.9942,10.2,4
0.22,0.9944,10.5,8
0.19,0.993,11.4,6
0.25,0.9986,8.9,7
0.2,0.9932,10.6,6
0.26,0.9934,11.6,6
0.2,0.9928,11.5,6
0.3,0.9925,12.3,8
0.29,0.9944,10.8,6
0.17,0.9909,11.3,6
0.415,0.9932,9.3,5
0.23,0.9934,10,6
0.55,1.0001,11,3
0.35,0.992,10.2,5
0.14,0.9916,10.8,7
0.28,0.998,10.1,4
0.18,0.9919,11.6,6
0.165,0.9925,9.1,5
0.25,0.9977,10,4
0.29,0.9944,10.8,6
0.22,0.991,11.4,6
0.22,0.99,12.7,6
0.25,0.9917,11.3,5
0.18,0.9923,10.4,7
0.22,0.9928,9.6,5
0.39,0.9923,10.1,4
0.22,0.9928,9.6,5
0.36,0.9902,12.1,7
0.29,0.9893,12.2,6
0.25,0.9917,11.3,5
0.23,0.9982,9.6,5
0.56,1.0005,9.2,5
0.18,0.9923,10.4,7
0.23,0.9951,9.5,5
0.25,0.9956,8.9,5
0.26,0.998,8.8,5
0.31,0.9928,10.5,5
0.25,0.9938,9.4,5
0.18,0.9914,12.2,6
0.43,0.9955,11.3,6
0.2,0.9924,12.2,6
0.27,0.9911,12.2,6
0.16,0.9917,11.2,6
0.16,0.9917,11.2,6
0.19,0.9932,11.5,6
0.43,0.9955,11.3,6
0.4,0.9929,9.3,5
0.43,0.9955,11.3,6
0.52,0.9958,11.8,7
0.21,1.0012,9.2,5
0.34,0.9968,9.2,5
0.27,0.9911,12.2,6
0.2,0.9924,12.2,6
0.22,0.991,12.2,6
0.11,0.9946,10.6,6
0.17,0.9928,12.4,6
0.145,0.9946,10.8,6
0.16,0.9917,11.2,6
0.19,0.9918,11,6
0.44,0.9926,12.7,8
0.2,0.9931,10.2,5
0.19,0.9932,11.5,6
0.25,0.9903,12.3,7
0.24,0.9928,9.8,5
0.4,0.9929,9.3,5
0.52,0.9958,11.8,7
0.43,0.9955,11.3,6
0.21,0.9911,11.4,5
0.2,0.9938,10.8,6
0.25,0.9942,9.5,4
0.08,0.9945,10.2,6
0.85,0.9962,10.7,5
0.51,0.992,10.8,6
0.22,0.9927,11.5,6
0.16,0.9948,10.7,6
0.08,0.9945,10.2,6
0.25,0.9942,10.1,6
0.16,0.9952,10.4,6
0.25,0.9942,9.5,4
0.32,0.9958,9.1,3
0.28,0.9918,10.6,6
0.15,0.9932,9.4,6
0.25,1.0004,9.8,6
0.26,0.9972,9.5,6
0.16,0.9998,9.3,5
0.185,0.9918,10.3,6
0.2,0.9918,11.1,5
0.3,0.9964,10,5
0.34,0.9936,12.3,8
0.35,0.9931,12.4,8
0.29,0.9938,12.3,7
0.62,0.9934,10.4,5
0.27,0.99,12.1,7
0.27,0.9914,12.5,6
0.51,0.9904,13,6
0.19,0.994,11,7
0.2,0.9938,10.1,5
0.3,0.9933,9.2,5
0.36,0.9909,12.6,7
0.17,0.9942,12.2,8
0.18,0.9945,9.8,7
0.2,0.9954,11,6
0.26,0.996,10,6
0.21,0.9991,9.8,6
0.2,0.993,10.5,5
0.18,0.9942,10,5
0.23,0.9934,11.2,6
0.22,0.9939,11,7
0.22,0.9937,11.2,6
0.19,0.994,11,7
0.155,0.9926,10.5,6
0.22,0.9951,10.6,6
0.24,0.9952,10.6,6
0.23,0.9935,12,6
0.2,0.9938,10.1,5
0.2,0.9939,10.1,6
0.3,0.9933,9.2,5
0.21,0.9927,11,5
0.25,0.998,10,6
0.21,0.9997,8.7,6
0.27,0.9981,8.7,5
0.27,0.992,11.1,6
0.28,0.9954,11,6
0.27,0.992,11.1,6
0.21,0.9997,8.7,6
0.27,0.9981,8.7,5
0.3,0.9943,11.2,7
0.23,0.9941,11.1,7
0.26,0.9936,10.8,6
0.18,0.9996,9,6
0.15,0.9932,10.3,6
0.13,0.9926,9.9,5
0.28,0.9936,10,6
0.17,0.992,9.8,6
0.26,0.9936,10.8,6
0.18,0.9996,9,6
0.53,0.993,9.1,4
0.16,0.9924,10.6,6
0.14,0.9928,10.6,6
0.13,0.9926,9.9,5
0.12,0.9952,10.6,6
0.29,0.9945,9.9,6
0.3,0.9945,9.9,6
0.36,0.9903,12.8,6
0.15,0.9932,10.3,6
0.18,0.9953,10.6,6
0.19,0.9936,8.7,6
0.21,0.9912,12.6,7
0.3,0.9962,11,7
0.42,0.9965,11.2,7
0.24,0.9932,10.7,7
0.23,0.9967,9.6,6
0.18,0.9953,10.6,6
0.43,0.9963,9,4
0.35,0.992,10.5,4
0.3,0.991,12.8,6
0.28,0.9958,10.1,5
0.34,0.99,12.2,7
0.3,0.991,12.8,6
0.28,0.9958,10.1,5
0.19,0.9938,10.1,6
0.18,0.9996,9.2,5
0.19,0.9946,9.9,5
0.3,0.9974,9.7,6
0.3,0.9945,9.9,5
0.3,0.9946,9.9,5
0.3,0.9974,9.7,6
0.22,0.9957,10.3,6
0.26,0.9931,10.3,5
0.17,0.9947,10.5,4
0.17,0.9953,10.5,6
0.27,0.9931,9.8,6
0.64,0.9946,10.6,4
0.18,0.9978,10.1,5
0.31,0.9989,9,4
0.31,1.0004,9.5,5
0.3,0.9938,11.5,6
0.24,0.9934,11.9,7
0.18,0.9978,10.1,5
0.25,0.9956,9.2,6
0.3,0.9982,8.7,5
0.31,0.9948,9.8,5
0.25,0.9956,9.2,6
0.3,0.9982,8.7,5
0.27,0.9926,11.2,6
0.14,0.991,12.3,6
0.12,0.9945,10.4,6
0.21,0.9916,10.7,6
0.16,0.9953,10.5,6
0.29,0.9938,9.4,6
0.27,0.9956,9.2,6
0.55,0.9906,11.9,5
0.27,0.9956,9.2,6
0.24,0.9932,9.9,6
0.33,0.9914,11.4,6
0.29,0.9938,9.4,6
0.34,0.996,10.7,6
0.39,0.9906,12.7,5
0.41,0.98815,13.5,7
0.41,0.9942,9.5,5
0.26,0.9903,12.9,9
0.32,0.9906,12.5,6
0.19,0.9935,9.5,7
0.27,1.0024,8.6,5
0.2,0.9968,10,7
0.32,0.9906,12.5,6
0.26,0.9941,10.1,6
0.26,0.9919,11.3,7
0.14,0.9928,10.6,7
0.29,0.9958,10.8,5
0.19,0.9932,10.7,6
0.34,0.9957,9,6
0.2,0.9937,9.2,6
0.37,0.9982,8.5,6
0.22,0.9928,11.3,8
0.26,0.9919,11.3,7
0.32,0.9956,9.4,5
0.44,0.9957,8.7,6
0.14,0.9954,9.4,6
0.17,0.993,10.5,7
0.26,0.9954,9.7,6
0.22,0.9987,10.2,6
0.32,0.9956,9.4,5
0.2,0.9928,11.5,6
0.15,0.9951,9.6,6
0.25,0.993,11.4,5
0.2,0.9928,11.5,6
0.28,0.9926,12.2,8
0.19,0.9938,11,7
0.25,1.0001,9.2,6
0.14,0.9933,10.2,6
0.49,0.9952,10,5
0.12,0.9934,9.7,6
0.47,0.9988,9.2,5
0.22,0.993,10.5,5
0.49,0.9952,10,5
0.22,0.9948,10.1,6
0.19,0.9998,9.1,7
0.3,0.9971,10.2,7
0.19,0.9998,9.1,7
0.24,0.9962,10.5,7
0.22,0.9948,10.1,6
0.21,0.99,12.1,7
0.3,0.9942,10.2,5
0.26,0.9965,9.4,4
0.31,0.9912,12.8,7
0.42,0.9978,9,6
0.29,0.9928,10.9,4
0.33,1.0103,8.8,6
0.46,0.9956,9,5
0.28,0.9936,10.2,5
0.15,0.9929,9.2,5
0.4,0.9966,11.3,6
0.31,0.9964,8.8,5
0.325,0.996,9.3,5
0.27,0.9959,9.4,6
0.26,0.9954,10.3,6
0.21,0.9914,10.8,7
0.33,1.0103,8.8,6
0.28,1.0004,9,4
0.13,0.9911,11.5,8
0.445,0.9938,10.8,5
0.39,0.9927,11.8,6
0.18,0.9922,10.5,7
0.31,0.9924,9.9,6
0.24,0.9963,9.8,6
0.35,0.9936,11.4,7
0.26,0.9951,9.3,5
0.27,0.9951,9.3,5
0.22,0.9955,10.3,6
0.27,0.9961,8.9,5
0.35,0.9936,11.4,7
0.23,0.992,11.1,6
0.3,0.9944,10.4,6
0.35,0.9944,10.1,5
0.32,1.0008,9,5
0.31,0.9962,11.9,6
0.25,0.9986,9,7
0.25,0.9986,9,7
0.26,1,9.1,7
0.25,0.9986,9,7
0.26,0.9982,10,5
0.26,1,9.1,7
0.25,0.9949,9.4,3
0.16,0.9915,11.4,6
0.43,0.9951,9.7,4
0.25,0.9986,9,7
0.24,0.9927,11.8,6
0.265,0.9955,10.2,5
0.12,0.9952,9.2,6
0.21,0.9928,11,6
0.32,0.9982,10,6
0.18,0.9914,12.2,6
0.24,0.9927,11.8,6
0.26,0.9918,11.6,6
0.26,0.9944,10.2,6
0.29,0.9969,10.3,5
0.27,0.9955,8.6,4
0.33,0.9954,9.6,5
0.31,0.9955,9.6,5
0.25,0.9921,11.3,6
0.24,0.9934,9.9,6
0.26,0.9998,9.6,5
0.61,0.9946,10.6,4
0.22,0.9984,9.8,5
0.31,0.9924,10.5,5
0.2,0.9939,10.8,5
0.18,0.995,10,6
0.34,0.9957,10.1,6
0.3,0.9953,9.4,5
0.18,0.9912,11.5,8
0.21,0.9939,10.8,6
0.27,0.9921,9.9,6
0.2,0.9954,9,4
0.23,0.9933,9.4,6
0.2,0.9941,10.8,7
0.15,0.995,10.9,7
0.4,0.9977,12,6
0.18,0.9912,11.5,8
0.13,0.9945,10.5,6
0.17,0.9952,9.3,6
0.3,0.9924,11.8,6
0.445,0.9986,10,6
0.3,0.9953,9.4,5
0.22,0.9939,11.4,6
0.23,0.9929,10.4,6
0.34,0.9988,9.5,6
0.545,0.9906,11.9,5
0.3,0.9914,11.1,6
0.16,0.9978,9.6,6
0.32,0.9928,12,6
0.22,0.9948,8.7,5
0.16,0.9978,9.6,6
0.15,0.9946,10,5
0.29,0.9908,11.4,4
0.37,0.9954,9.6,6
0.38,0.9906,12.9,6
0.25,0.99705,9.7,6
0.3,0.9982,9.3,6
0.22,0.9932,9.1,5
0.34,0.9977,8.6,5
0.22,0.994,9.9,5
0.3,0.9982,9.3,6
0.27,0.9929,10.9,5
0.17,0.9924,10.2,6
0.18,0.9966,9.7,6
0.16,0.9921,11.4,7
0.255,0.9967,9.5,6
0.23,0.9934,10.2,7
0.16,0.9914,11.1,6
0.25,0.99705,9.7,6
0.27,0.9961,9.3,5
0.29,0.9967,8.8,5
0.21,0.9926,10.6,5
0.62,0.99605,9.3,5
0.28,0.99435,10.2,6
0.3,0.9948,10.2,6
0.17,0.9916,11,7
0.21,0.997,9.6,6
0.27,0.9961,9.3,5
0.29,0.9967,8.8,5
0.32,0.9961,8.8,5
0.32,0.9955,8.9,5
0.37,0.9922,10,5
0.43,0.9918,12.2,7
0.39,0.9955,10.9,6
0.18,0.9941,9.5,6
0.4,0.9955,10.9,6
0.39,0.9955,10.9,6
0.19,0.9924,10.8,6
0.49,0.9973,12,6
0.25,0.999,9.8,5
0.18,0.9941,9.5,6
0.15,0.9922,11,8
0.15,0.9922,11,8
0.17,0.9953,9.8,5
0.32,0.9945,10.5,4
0.21,0.9945,11.4,6
0.45,0.9957,10.1,6
0.24,0.9932,11.6,7
0.21,0.9945,11.4,6
0.33,0.9913,11.8,7
0.26,0.9909,12.1,7
0.36,0.9939,12,5
0.2,0.991,12.1,7
0.16,0.9954,9.1,5
0.33,0.9943,9.3,5
0.22,0.993,10.4,6
0.35,1.0002,9.1,5
0.37,0.9946,9.4,5
0.37,0.9953,9.6,6
0.37,0.9918,12,5
0.25,0.9936,11.3,8
0.23,0.9984,8.7,6
0.26,0.9956,9.9,6
0.3,0.9966,9.3,6
0.16,0.9942,9.5,5
0.23,0.9984,8.7,6
0.26,0.9956,9.9,6
0.3,0.9966,9.3,6
0.33,0.9974,9.4,5
0.38,0.9944,9.4,5
0.2,1.0008,8.8,6
0.33,0.9974,9.4,5
0.2,1.0008,8.8,6
0.36,0.9928,9.9,6
0.38,0.9944,9.4,5
0.46,0.9908,12.6,6
0.15,0.9917,11.1,6
0.42,0.9911,12.8,7
0.3,0.9912,12,6
0.27,0.9953,12,7
0.5,0.9932,9.2,4
0.26,0.9896,12.3,6
0.33,0.9889,13,6
0.3,0.9912,12,6
0.29,0.9926,10.9,5
0.42,0.9911,12.8,7
0.19,0.9964,10,6
0.32,0.9974,9,5
0.32,0.9944,10.4,5
0.32,0.9974,9,5
0.19,0.9964,10,6
0.17,0.9963,10,6
0.44,0.9948,11.3,7
0.44,0.9948,11.3,7
0.49,0.9953,12,7
0.44,0.9948,11.3,7
0.49,0.9953,12,7
0.21,0.9949,10.6,6
0.55,0.9988,9.3,5
0.19,0.9954,9.4,6
0.24,0.992,11,7
0.34,0.9984,9.3,6
0.19,0.9954,9.4,6
0.18,0.9926,10.5,5
0.24,0.992,11,7
0.18,0.9976,9.5,6
0.28,0.9972,11.2,6
0.34,0.991,12.3,6
0.44,0.998,9,5
0.26,0.9966,9,5
0.44,0.998,9,5
0.49,1.0007,9,5
0.24,0.992,11.4,6
0.25,0.9925,11,7
0.34,0.991,12.3,6
0.18,0.9934,10.4,7
0.27,0.9955,10.3,5
0.24,0.9944,10.5,7
0.22,0.9981,9.8,6
0.91,0.9968,10,4
0.34,0.9946,9.7,5
0.33,0.9946,9.7,5
0.22,0.9981,9.8,6
0.18,0.9946,10.5,6
0.2,0.997,10,6
0.13,0.9924,11.5,7
0.28,0.9958,9.5,5
0.25,0.994,10.5,6
0.36,0.9958,10.2,6
0.27,0.9984,9.8,6
0.37,0.9948,11.6,6
0.21,0.9932,11.8,7
0.18,0.9952,10.1,7
0.19,0.9924,10.3,6
0.21,0.9945,10.4,6
0.33,0.9976,8.9,5
0.33,0.9976,8.9,5
0.29,0.9938,10.8,5
0.31,0.9997,9.2,5
0.19,0.994,9.6,6
0.2,0.9921,10.4,6
0.25,0.9986,8.7,6
0.2,0.9987,9.2,6
0.3,0.9991,9.2,5
0.2,0.9987,9.2,6
0.3,0.9991,9.2,5
0.3,0.9991,9.2,5
0.22,0.9948,10.2,5
0.2,0.9987,9.2,6
0.53,0.993,9,5
0.24,0.9988,9.7,5
0.24,1,9.6,5
0.15,0.9932,10,5
0.3,0.9991,9.2,5
0.33,0.9989,9.1,5
0.24,1,8.7,5
0.24,1,8.7,5
0.35,0.9952,9.5,5
0.26,0.9969,9.5,6
0.29,0.9966,8.9,6
0.29,0.9966,8.9,6
0.31,0.9976,9.9,6
0.44,0.99,12.6,7
0.23,0.9988,9.7,6
0.21,0.9942,10.4,5
0.23,0.9984,9.1,6
0.34,0.9932,10.4,5
0.26,0.9969,9.5,6
0.29,0.9966,8.9,6
0.28,0.9933,10.6,5
0.37,0.9916,12,7
0.36,0.9914,12.5,7
0.13,0.9966,9.6,5
0.25,0.9958,9.2,5
0.18,0.9926,9.9,6
0.3,0.9939,11.7,6
0.23,0.9953,9.6,6
0.43,0.9906,12,6
0.36,0.9914,12.5,7
0.25,0.9958,9.2,5
0.18,0.9926,9.9,6
0.35,0.9991,8.9,6
0.22,0.9994,9,6
0.26,0.9976,10.2,7
0.13,0.9966,9.6,5
0.12,0.9953,9.4,5
0.37,0.9923,10.4,5
0.26,0.993,10.4,4
0.2,0.9931,10,6
0.22,0.9932,10,6
0.25,0.9926,10.5,5
0.27,0.9938,11.4,6
0.34,0.9966,10.2,5
0.27,0.9974,10.4,6
0.49,0.9924,11,3
0.71,0.9948,10.1,6
0.47,0.9964,9.2,5
0.28,0.9924,10.3,6
0.34,0.9966,10.2,5
0.27,0.9974,10.4,6
0.13,0.9938,11.1,7
0.16,0.9928,9.9,5
0.31,0.9959,9,5
0.36,1.0001,8.6,5
0.31,0.9959,9,5
0.36,1.0001,8.6,5
0.25,0.9968,9.5,5
0.45,0.9932,9,5
0.26,0.9954,10,6
0.22,0.9992,9,6
0.45,0.9932,9,5
0.19,0.9939,10.2,7
0.31,0.9952,9.6,5
0.25,0.9996,9.7,5
1.005,0.9966,10.2,4
0.31,0.9925,13,7
0.24,0.996,10.8,6
0.25,0.9996,9.7,5
0.29,0.9973,9,5
0.15,0.9937,9.9,5
0.12,0.9966,9.2,6
0.32,1.0017,8.7,6
0.17,0.993,10.1,5
0.17,0.993,10.1,5
0.21,0.9959,9.5,5
0.21,0.9958,9.9,5
0.32,1.0017,8.7,6
0.31,0.9958,9,5
0.27,0.9979,8.6,6
0.21,0.9941,10.5,6
0.23,0.997,9.5,7
0.2,0.9934,10.1,6
0.41,0.9927,11.7,7
0.49,0.9944,10.7,6
0.41,0.9927,11.7,7
0.2,0.9963,9.2,5
0.26,1.0011,8.8,5
0.26,1.0011,8.8,5
0.27,0.9959,9.5,6
0.28,0.9973,10.2,5
0.2,0.9966,9.1,6
0.33,0.9932,10.5,6
0.38,0.9984,9,6
0.2,0.999,8.9,8
0.2,0.999,8.9,8
0.2,0.999,8.9,8
0.2,0.999,8.9,8
0.2,0.999,8.9,8
0.19,1.0006,9.1,6
0.16,0.9937,10.1,6
0.22,0.9954,10,5
0.22,0.997,9.5,6
0.33,0.9912,12.3,7
0.43,0.9939,9.1,4
0.2,0.999,8.9,8
0.12,0.9957,9.6,5
0.3,0.9926,11.6,6
0.28,0.9994,8.8,6
0.2,1.0004,8.9,6
0.28,0.9994,8.8,6
0.2,1.0004,8.9,6
0.2,1.0004,8.9,6
0.18,1.0002,9,6
0.31,0.9922,10,5
0.31,0.9922,10,5
0.17,0.9934,11.1,6
0.3,0.9926,11.6,6
0.26,0.9941,10.6,6
0.28,0.9994,8.8,6
0.2,1.0004,8.9,6
0.18,0.9924,10.1,6
0.15,0.9948,10,5
0.4,0.9935,12.2,7
0.25,0.9918,11,6
0.15,0.9948,10,5
0.18,0.9924,11.1,5
0.32,0.9979,10.4,6
0.55,0.993,11.8,5
0.19,0.994,10.8,6
0.41,0.991,12.5,7
0.55,0.993,11.8,5
0.2,0.9922,11.6,7
0.32,0.9979,10.4,6
0.26,0.9937,11.5,6
0.21,0.9928,10.1,6
0.34,0.9965,9.2,6
0.21,0.9928,10.1,6
0.43,0.9991,9.2,5
0.3,0.9948,8.9,5
0.26,0.9925,10.1,5
0.32,0.9958,8.9,5
0.21,0.9962,9.7,6
0.34,0.9965,9.2,6
0.42,0.9951,11,6
0.29,0.9944,10.7,5
0.25,0.9916,10.8,6
0.23,0.9987,9.8,5
0.35,0.9928,11,5
0.2,0.9926,10.4,5
0.27,0.9934,10.2,6
0.29,0.9944,10.7,5
0.14,0.9949,9,5
0.24,0.9926,10.6,5
0.3,0.997,9.5,6
0.14,0.9949,9,5
0.13,0.9948,9.2,6
0.18,0.992,11,6
0.385,0.9964,9.9,6
0.24,0.9926,10.6,5
0.33,0.9982,9.3,5
0.34,0.9955,9.6,5
0.33,0.9955,9.5,5
0.28,0.9958,9.7,7
0.23,0.9997,9.7,3
0.21,1.0001,8.7,5
0.21,1.0001,8.7,5
0.485,0.9918,12.4,5
0.485,0.9918,12.4,5
0.29,0.9931,10.6,6
0.21,1.0001,8.7,5
0.31,0.9926,12,7
0.29,0.9966,9,5
0.46,0.9932,8.8,5
0.28,0.9969,9.5,5
0.23,0.9925,10.8,6
0.17,0.9914,11.4,5
0.18,0.996,10.3,5
0.22,0.9952,9.5,6
0.27,0.9934,9.9,5
0.28,0.9939,10.2,5
0.29,0.9939,10.2,5
0.32,0.9906,11,6
0.33,0.9901,12.1,7
0.34,0.9948,9.1,6
0.19,0.995,9.5,6
0.23,0.9953,9.5,5
0.27,0.9953,9.8,5
0.22,0.9952,9.5,6
0.18,0.996,10.3,5
0.36,0.9948,9.6,5
0.22,0.9951,10.2,6
0.17,0.9931,10.5,6
0.45,0.9962,10.4,4
0.36,0.9948,9.6,5
0.42,0.9959,10.7,5
0.33,0.9962,10.5,6
0.3,0.9958,10.6,5
0.17,0.9948,9.6,6
0.17,0.9948,9.6,6
0.17,0.994,9.5,5
0.17,0.9942,9.4,6
0.15,0.9942,9.8,6
0.17,0.9948,9.6,6
0.25,0.9964,9.2,5
0.24,0.9958,9.5,5
0.76,0.9932,9.2,5
0.22,0.9986,9.4,5
0.22,0.9986,9.4,5
0.28,0.9988,9.3,5
0.32,0.9953,9.1,5
0.24,0.9983,9.5,5
0.18,1,9.1,6
0.16,0.9951,10.6,5
0.24,0.9983,9.5,5
0.28,0.9906,12.4,6
0.34,0.9981,8.7,5
0.27,0.9936,8.8,5
0.16,0.9951,10.6,5
0.32,0.9953,9.1,5
0.24,1.0005,9,5
0.24,0.9972,10.3,6
0.18,1,9.1,6
0.23,0.9969,9.5,6
0.22,1.0001,8.8,5
0.22,1.0001,8.8,5
0.22,1.0001,8.8,5
0.33,0.9934,9.9,5
0.23,0.9969,9.5,6
0.22,1.0001,8.8,5
0.2,0.9902,11.7,4
0.26,0.993,10.8,5
0.2,0.9914,12,6
0.16,0.9941,10.3,4
0.25,0.9967,9,5
0.39,0.9918,12.2,7
0.26,0.998,9.9,5
0.25,0.9967,9,5
0.39,0.9918,12.2,7
0.28,0.9957,10.1,5
0.43,0.9986,9.3,5
0.33,0.9958,9.5,5
0.5,0.9948,9.2,6
0.28,0.9918,11.7,5
0.35,0.9923,11,5
0.22,0.9998,9.6,6
0.22,0.9998,9.6,6
0.24,0.9914,11.9,6
0.26,0.9939,10.8,6
0.16,0.9966,10.1,5
0.18,0.995,10.9,6
0.16,0.9966,10.1,5
0.24,0.994,10.4,5
0.33,0.9972,9.2,5
0.28,0.9998,9.6,5
0.28,0.9998,9.6,5
0.26,0.9982,9,5
0.14,0.9924,11.5,7
0.21,0.9972,10.2,6
0.2,0.997,9.9,6
0.115,0.9954,9.6,6
0.29,0.9962,10.6,5
0.33,0.9972,9.2,5
0.24,0.9921,11.8,6
0.24,0.9905,12.2,6
0.28,0.9998,9.6,5
0.22,0.993,10.6,6
0.18,0.9941,10.3,6
0.93,0.9994,10.2,4
0.29,0.9962,10.7,5
0.28,0.992,11.7,4
0.25,0.9922,12,6
0.18,0.994,10.6,6
0.24,0.9897,12.2,4
0.33,0.9954,11,6
0.37,0.99,12.4,7
0.49,0.9948,9.4,6
0.25,0.9922,12,6
0.22,0.998,11.6,5
0.35,0.9944,9.4,5
0.35,0.9944,9.4,5
0.19,0.9986,9.1,7
0.19,0.9986,9.1,7
0.19,0.9986,9.1,7
0.19,0.9986,9.1,7
0.19,0.9986,9.1,7
0.32,0.996,9.2,5
0.32,0.9999,9.2,5
0.19,0.9986,9.1,7
0.19,0.9986,9.1,7
0.32,0.996,9.2,5
0.34,0.9951,9,7
0.32,0.9999,9.2,5
0.24,0.993,10.8,6
0.36,0.9982,9.5,6
0.29,0.992,11,6
0.32,0.9963,10,5
0.3,0.995,9.5,5
0.33,0.9956,10.1,6
0.18,0.997,9.5,7
0.39,0.9936,9.5,5
0.25,0.9935,9.5,5
0.18,0.9963,9.4,6
0.18,0.9967,9.4,6
0.27,0.9912,12.7,6
0.23,0.9981,9.7,5
0.28,0.9966,9.7,6
0.18,0.9967,9.4,6
0.18,0.9963,9.4,6
0.25,0.9935,9.5,5
0.22,0.9902,11.7,6
0.18,0.99,11.7,6
0.26,0.996,9.7,5
0.25,0.9966,9.5,6
0.24,0.9962,9.1,5
0.28,0.994,10.3,6
0.26,0.996,9.7,5
0.24,0.994,9.9,5
0.27,0.9944,9.9,5
0.39,0.9974,10.2,5
0.24,0.996,12.1,6
0.23,0.9922,11.3,7
0.26,0.9917,11.4,5
0.32,0.9918,12.2,6
0.24,0.9936,9.9,7
0.21,0.9938,10.3,6
0.32,0.9918,12.2,6
0.17,0.9939,10.4,6
0.26,0.9917,11.4,5
0.28,0.9981,9.9,6
0.3,0.9941,10,5
0.25,0.9928,11.5,6
0.28,0.9952,10.5,6
0.24,0.9898,12.5,7
0.22,0.9914,10.5,6
0.28,0.9981,9.9,6
0.45,0.9957,11.4,7
0.23,0.998,9.8,6
0.45,0.9957,11.4,7
0.23,0.9986,9.2,4
0.28,0.9983,8.9,5
0.27,0.9982,8.9,5
0.2,0.997,9.5,7
0.25,0.9947,11.5,6
0.2,0.997,9.5,7
0.25,0.9947,11.5,6
0.2,0.99416,9.5,6
0.39,0.99516,9.7,5
0.23,0.99496,9.7,5
0.44,0.9974,9.5,6
0.28,0.99579,9.4,5
0.34,0.9983,9,4
0.15,0.99471,10.6,6
0.44,0.9974,9.5,6
0.29,0.99644,9.1,5
0.28,0.99579,9.4,5
0.23,0.99699,8.8,5
0.23,0.99758,10.4,5
0.36,0.9977,8.9,5
0.31,0.99397,10.6,7
0.34,0.9983,9,4
0.15,0.99471,10.6,6
0.2,0.99243,10.6,6
0.27,0.9962,9,5
0.34,1.00182,8.8,6
0.18,0.99384,10.5,7
0.29,0.99582,9.5,5
0.27,0.9962,9,5
0.26,0.9924,10.4,6
0.21,0.99466,10,6
0.14,0.99212,10.4,5
0.39,0.99449,9,6
0.48,0.99748,9.3,5
0.39,0.99449,9,6
0.48,0.99748,9.3,5
0.36,0.99475,9,6
0.25,0.99189,11.5,6
0.3,0.99827,9,5
0.19,0.99752,10.4,6
0.3,0.99827,9,5
0.42,0.99479,10.6,5
0.19,0.99752,10.4,6
0.2,0.99642,8.5,6
0.19,1.00047,9.3,6
0.19,0.99382,10.5,7
0.25,0.99784,9.9,6
0.25,0.99486,10.4,6
0.46,0.99537,10.1,5
0.19,0.99382,10.5,7
0.29,0.99838,9.2,4
0.31,0.99566,9.4,6
0.14,0.99268,10.6,6
0.31,0.99566,9.4,6
0.4,0.99468,8.7,5
0.16,0.9933,10.2,6
0.16,0.99307,10.3,6
0.33,0.99907,9.5,5
0.33,0.99907,9.5,5
0.33,0.99907,9.5,5
0.33,0.99907,9.5,5
0.41,0.99471,9.4,5
0.43,0.99471,9.4,5
0.33,0.99907,9.5,5
0.4,0.99148,12.6,7
0.18,0.99383,10.5,7
0.17,0.99365,10.8,6
0.32,0.99272,9.9,6
0.4,0.99148,12.6,7
0.32,0.99235,12.2,7
0.42,0.99508,10,6
0.28,0.9946,10.6,7
0.29,0.99674,9.5,6
0.41,0.99018,12.8,8
0.32,0.99235,12.2,7
0.3,0.99084,12.6,7
0.22,0.99856,9.4,5
0.26,0.99591,9,5
0.44,0.9975,9.1,5
0.42,0.9944,9.4,6
0.36,0.99173,12.2,7
0.295,0.99378,10,5
0.21,0.99805,9.2,5
0.28,0.99534,9.3,5
0.28,0.99232,9.8,6
0.21,0.99805,9.2,5
0.22,0.99078,12,7
0.28,0.99534,9.3,5
0.32,0.99061,12.6,7
0.19,0.99182,12.2,6
0.42,0.9966,11,6
0.2,0.9912,12,7
0.24,0.99779,8.8,5
0.26,0.99814,8.9,4
0.4,0.99096,12.7,7
0.2,0.99379,11.8,6
0.445,0.99426,10.2,5
0.41,0.99228,9.9,6
0.2,0.99335,11.1,6
0.3,0.99595,9.4,5
0.35,0.99297,9.7,6
0.35,0.99687,9.7,5
0.35,0.99297,9.7,6
0.35,0.99687,9.7,5
0.3,0.99445,9.8,5
0.38,0.9986,9.3,6
0.3,0.99154,10.5,5
0.4,0.9981,9.3,6
0.37,0.98993,12.6,8
0.23,1.00241,8.9,5
0.27,0.99716,10.3,5
0.26,0.99437,10.6,5
0.28,0.9972,9,4
0.34,0.99756,9.7,5
0.23,0.99509,9.5,6
0.29,0.99572,10.3,6
0.34,0.99756,9.7,5
0.4,0.99175,12.3,8
0.17,0.99254,10.5,5
0.23,0.99509,9.5,6
0.24,0.99676,10,6
0.28,0.9979,8.8,4
0.23,0.99194,10.9,6
0.26,0.99077,12.2,6
0.46,0.99782,9.5,5
0.31,0.99942,10,5
0.25,0.99708,9.6,6
0.28,0.99353,8.7,6
0.18,0.99256,10.7,7
0.21,0.99199,11.1,6
0.48,0.9918,12.5,7
0.34,0.99354,10.4,6
0.21,0.99244,11.5,5
0.32,0.99831,9.4,5
0.495,0.99396,9.3,5
0.25,0.99724,10.1,6
0.25,0.99524,9.7,5
0.18,0.9927,10.5,6
0.24,0.99802,9.7,5
0.32,0.99512,9.2,5
0.32,0.99438,9.8,5
0.33,0.99679,9,5
0.3,0.99652,9.1,6
0.34,0.99698,10.4,6
0.16,0.99474,10.7,6
0.1,0.99511,10.5,7
0.45,0.99582,9.2,5
0.33,0.99125,11.5,4
0.48,0.99256,10.4,3
0.2,0.9911,12,6
0.32,0.99168,12.2,6
0.2,0.9911,12,6
0.22,0.99556,9.8,6
0.23,1.00098,9.3,5
0.27,0.99516,9.6,4
0.27,0.99516,9.5,4
0.23,0.99518,10.2,6
0.15,0.99347,10.4,8
0.26,0.9929,11,6
0.15,0.99347,10.4,8
0.2,0.99841,8.7,5
0.3,0.99362,9.9,4
0.3,0.99361,9.9,4
0.21,0.9914,11.3,4
0.46,0.99114,12,8
0.28,0.9925,10.7,8
0.24,0.99453,10.1,6
0.17,0.9938,9.6,7
0.17,0.9938,9.6,6
0.695,0.99806,8.7,5
0.27,0.9961,10.3,5
0.3,1.00016,9.1,5
0.19,0.9916,11.8,6
0.36,0.99116,11.9,6
0.16,0.99319,10.3,6
0.19,0.99517,10,4
0.16,0.99514,10.2,4
0.26,0.99566,10,6
0.33,0.99166,12.7,6
0.16,0.99587,9.6,5
0.23,0.99558,9.5,5
0.44,0.99117,12.7,6
0.31,0.99399,11,6
0.705,0.99741,9.1,5
0.21,0.99405,10.2,4
0.16,0.99622,10.1,6
0.27,1.00051,9.2,6
0.38,0.99803,9.4,4
0.21,0.99405,10.2,4
0.38,0.99773,9.2,4
0.24,0.99397,10,5
0.16,0.99622,10.1,6
0.815,0.99713,9,5
0.41,0.99274,9.5,5
0.36,1.00118,9.1,5
0.4,0.99176,13.3,7
0.26,0.9969,9.5,5
0.44,0.99771,9.2,5
0.24,0.99411,10.1,6
0.44,0.99771,9.2,5
0.24,0.99411,10.1,6
0.22,0.99194,11.2,6
0.34,0.99558,9.8,6
0.22,0.99194,11.2,6
0.34,0.99558,9.8,6
0.28,0.99577,9.4,5
0.29,0.99564,9,5
0.27,0.99578,9.4,5
0.35,0.99888,8.9,6
0.28,1.00014,9.1,6
0.35,0.99441,9.8,4
0.43,0.99594,9.4,5
0.26,0.99437,10,6
0.43,0.99594,9.4,5
0.27,0.9979,9.9,6
0.46,0.99434,10,5
0.2,0.99203,11.5,6
0.285,0.998,9.2,5
0.32,0.99316,10,5
0.285,0.998,9.2,5
0.34,0.99314,10,5
0.32,0.99316,10,5
0.27,0.99612,9.8,6
0.26,0.99295,10.5,6
0.27,0.99394,10.6,6
0.56,0.99642,9.4,5
0.56,0.99642,9.4,5
0.19,0.99248,11,7
0.2,0.99268,10.8,6
0.29,0.99954,9,5
0.32,0.99692,9.6,6
0.33,0.99592,10.6,6
0.33,0.99592,10.6,6
0.32,0.99692,9.6,6
0.33,0.99822,9.2,5
0.33,0.99822,9.2,5
0.26,0.99402,9.5,5
0.25,0.99404,9.5,5
0.26,0.99787,10.3,7
0.26,0.99347,8.8,5
0.28,0.99838,8.7,5
0.27,0.99839,8.7,5
0.28,0.99375,10.2,6
0.16,0.99155,10.1,6
0.34,0.9936,9.5,5
0.25,0.99434,9.5,5
0.35,0.9922,11.6,7
0.24,0.99571,10.7,6
0.29,0.99658,10.1,6
0.27,0.99076,11.1,7
0.56,0.99496,9.8,5
0.29,0.9937,9,6
0.27,0.99076,11.1,7
0.27,0.99542,9.5,6
0.24,0.99825,9.4,6
0.32,0.99289,10.2,5
0.37,0.99432,9.8,6
0.26,0.99523,9.5,6
0.27,0.99542,9.5,6
0.3,0.9959,9,5
0.28,0.99543,10.1,6
0.24,0.99662,8.8,5
0.27,0.99088,11.9,6
0.27,0.99088,11.9,6
0.28,0.99922,9.3,6
0.39,0.9966,10,6
0.2,0.99466,9.5,5
0.28,0.99922,9.3,6
0.31,0.99836,9.7,4
0.31,0.99836,9.7,4
0.18,0.99238,10.2,5
0.23,0.99645,10.8,5
0.21,1,8.8,5
0.21,1,8.8,5
0.26,0.99376,11.4,6
0.21,1,8.8,5
0.31,0.99513,9.8,5
0.34,0.99556,9.4,4
0.34,0.99556,9.4,4
0.3,0.99543,9.4,6
0.4,0.99886,9.4,6
0.32,0.99526,9.7,6
0.34,0.99166,12.3,7
0.26,0.99691,9.8,6
0.27,0.99732,9,5
0.28,0.99573,9.2,6
0.3,0.99656,9.4,6
0.175,0.99112,9.9,6
0.34,0.99214,9.8,5
0.34,0.99165,12.3,7
0.12,0.99004,11.9,7
0.32,0.99463,10.2,6
0.51,0.99683,9.5,6
0.12,0.99004,11.9,7
0.24,0.99596,9.2,5
0.41,0.99898,9.7,5
0.18,0.99114,11.5,7
0.17,0.99508,10.4,8
0.2,0.99306,11.6,5
0.41,0.99898,9.7,5
0.17,0.99508,10.4,8
0.18,0.99114,11.5,7
0.16,0.99342,10.2,6
0.16,0.99345,9.8,6
0.42,0.99772,9,5
0.3,0.99239,10.5,6
0.54,0.99502,9.4,4
0.54,0.99502,9.4,4
0.22,0.99479,10.8,5
0.23,0.99207,10.7,7
0.26,0.99497,10.6,6
0.23,0.99828,9.2,6
0.28,0.99542,9.5,6
0.28,0.99542,9.5,6
0.27,0.99228,10,5
0.29,0.99706,10.6,5
0.26,0.99497,10.6,6
0.27,0.99669,10.6,5
0.23,0.99828,9.2,6
0.32,0.99269,11,6
0.22,0.99196,11.2,6
0.5,0.99662,9.6,5
0.33,0.99475,9.4,5
0.26,0.99544,9.5,6
0.2,0.99944,9.3,5
0.33,0.99475,9.4,5
0.26,0.99544,9.5,6
0.36,0.9966,9.4,5
0.13,0.99066,11.2,7
0.15,0.9907,11.2,7
0.13,0.99066,11.2,7
0.23,0.998,8.8,5
0.15,0.9907,11.2,7
0.13,0.99066,11.2,7
0.255,0.99307,9.4,5
0.32,0.99106,11.1,6
0.28,0.99696,9.6,5
0.32,0.99106,11.1,6
0.255,0.99307,9.4,5
0.41,0.99167,10.6,6
0.37,0.99902,8.9,5
0.21,0.98992,12.3,7
0.24,0.99182,11.4,5
0.28,0.99556,9.6,6
0.24,0.99582,10.3,6
0.24,0.99182,11.4,5
0.16,0.98972,12.1,6
0.14,0.99352,9.9,5
0.34,0.9946,9.7,5
0.26,0.99273,10.5,5
0.17,0.99628,8.9,6
0.27,0.99582,9.4,5
0.25,0.99553,9.6,5
0.3,0.98914,12.6,7
0.28,0.99354,9.2,6
0.3,0.99976,10.4,5
0.18,0.99808,9,7
0.18,0.99808,9,7
0.18,0.99808,9,7
0.18,0.99808,9,7
0.18,0.99808,9,7
0.18,0.99808,9,7
0.14,0.9919,9.2,6
0.18,0.99808,9,7
0.615,0.99499,9.7,4
0.13,0.99655,10.1,6
0.34,0.99615,11,7
0.32,0.99296,10.8,5
0.21,0.99482,10.8,5
0.5,0.99079,13.5,7
0.52,0.99366,10.6,5
0.28,0.99434,9.8,5
0.22,0.98958,11.7,6
0.28,0.99434,9.8,5
0.32,0.99938,9,6
0.11,0.99059,11.3,7
0.26,0.99835,9.4,5
0.22,0.98958,11.7,6
0.3,0.99159,11.3,7
0.3,0.99159,11.3,7
0.2,0.98931,12,6
0.2,0.9938,10.6,6
0.26,0.99558,10.8,6
0.25,0.99563,10.8,6
0.2,0.98931,12,6
0.27,0.99691,9.4,5
0.3,0.9959,9.4,5
0.3,0.99159,11.3,7
0.36,0.99628,9.4,5
0.21,0.99076,12,5
0.18,0.99678,10.3,7
0.18,0.99678,10.3,7
0.18,0.99678,10.3,7
0.26,0.99089,11.3,7
0.35,0.99537,9.4,6
0.28,1.0002,8.7,5
0.36,0.99628,9.4,5
0.26,0.99089,11.3,7
0.18,0.99678,10.3,7
0.21,0.99076,12,5
0.19,0.99332,8,5
0.24,0.99316,10.4,7
0.17,0.99272,10.7,7
0.24,0.99636,10.2,6
0.6,0.99202,10.9,5
0.445,0.99148,10.5,6
0.28,0.99064,11.7,7
0.44,0.99884,8.6,5
0.24,0.99773,9,5
0.31,1.00013,8.7,5
0.32,0.98974,12.8,6
0.24,0.99773,9,5
0.31,1.00013,8.7,5
0.13,0.99112,11.8,6
0.14,0.99136,11.6,6
0.2,0.99132,11.8,6
0.15,0.99642,10.6,5
0.23,0.99488,9.7,5
0.33,0.99527,10.3,5
0.17,0.99578,10.2,6
0.12,0.99352,10.1,7
0.18,0.99199,10.9,7
0.15,0.99198,9.3,5
0.23,0.99756,10.2,6
0.17,0.99578,10.2,6
0.34,0.99561,9.5,5
0.68,0.99347,9.3,5
0.22,0.98936,12.9,7
0.28,0.99786,8.7,5
0.4,0.99705,9.4,5
0.19,0.9942,10.1,5
0.23,0.9948,10,4
0.14,0.99116,11.1,7
0.15,0.99688,10.3,7
0.15,0.98974,12.2,6
0.33,0.99542,9.3,6
0.3,0.99154,11.3,6
0.23,0.99118,10.8,6
0.13,0.99044,11.2,8
0.21,0.9914,12.5,7
0.4,0.9979,9.3,5
0.34,0.98892,12.9,7
0.12,0.99114,11.2,7
0.655,0.99188,12.6,6
0.26,0.99583,9.3,5
0.34,0.98892,12.9,7
0.3,0.98892,12.9,7
0.15,0.99704,9.5,7
0.37,0.9911,11.9,6
0.35,0.99334,10.3,7
0.32,0.99334,10.3,7
0.1,0.99094,11.2,6
0.25,0.99014,12,6
0.31,0.99304,9.6,5
0.18,0.99652,9.2,6
0.17,0.98944,12.9,6
0.19,0.99772,9.3,6
0.32,0.99367,12.1,6
0.31,0.99304,9.6,5
0.21,0.99183,11.2,6
0.16,0.99126,11.2,7
0.17,0.98944,12.9,6
0.24,0.99577,9.2,5
0.19,0.99772,9.3,6
0.18,0.99652,9.2,6
0.3,0.99428,9.3,6
0.28,0.99388,10.7,6
0.31,0.99208,9.8,6
0.23,0.99256,10.3,6
0.28,0.99388,10.7,6
0.23,0.9925,11.3,6
0.22,0.99904,8.8,6
0.18,0.99216,10.8,5
0.31,0.99208,9.8,6
0.3,0.99428,9.3,6
0.46,0.99165,11.5,7
0.23,0.99924,8.8,5
0.23,0.99924,8.8,5
0.23,0.99924,8.8,5
0.26,0.9956,9.4,6
0.26,0.99562,9.4,6
0.28,0.9972,9.6,6
0.23,0.99924,8.8,5
0.23,0.9958,9.3,6
0.25,0.99976,8.9,5
0.25,0.99976,8.9,5
0.2,0.99296,10,5
0.21,0.9957,9.1,5
0.23,0.9958,9.3,6
0.24,0.99579,9.4,6
0.25,0.99541,10.1,6
0.25,0.99976,8.9,5
0.16,0.99518,10.8,6
0.28,0.99168,10,6
0.18,0.99276,10.9,6
0.26,0.99085,12,7
0.37,0.99873,9.3,5
0.4,0.99172,12.3,7
0.26,0.99312,10.4,6
0.18,0.99276,10.9,6
0.23,0.9972,10.5,5
0.2,0.99278,9.8,6
0.17,0.99092,10.5,6
0.35,0.9962,9.9,6
0.29,0.99053,11.4,7
0.3,0.99858,9.2,5
0.51,0.9984,9.7,5
0.51,0.99335,10,5
0.29,0.99053,11.4,7
0.29,0.9949,10.3,6
0.35,0.9962,9.9,6
0.17,0.99092,10.5,6
0.2,0.99532,9.8,7
0.615,0.99727,9.3,5
0.32,0.99026,12.4,7
0.2,0.99668,9.3,6
0.615,0.99727,9.3,5
0.23,0.9952,9.5,6
0.27,0.99144,10.5,6
0.27,0.99144,10.5,6
0.44,0.99015,12.8,7
0.34,0.9914,10.8,6
0.26,0.99693,10,6
0.17,0.99035,11.8,8
0.26,0.99693,10,6
0.17,0.99035,11.8,8
0.17,0.99006,12,6
0.43,0.99126,12.6,6
0.315,0.98994,11.9,8
0.17,0.98985,10.6,5
0.34,0.9971,9.2,5
0.33,0.99882,10,6
0.12,0.99477,9.2,5
0.13,0.99478,9.3,6
0.18,0.99576,10.2,6
0.16,0.99578,10.2,6
0.26,0.99354,8.7,5
0.32,0.99244,10.7,5
0.3,0.99084,12.1,6
0.16,0.99612,9.5,6
0.27,0.99356,11.2,6
0.16,0.98952,12,6
0.16,0.99612,9.5,6
0.3,0.99084,12.1,6
0.32,0.99244,10.7,5
0.44,0.99955,8.8,7
0.2,0.99374,10.8,6
0.29,0.9892,13.1,7
0.39,0.99144,12.5,7
0.36,0.99352,11.7,8
0.36,0.99352,11.7,8
0.36,0.9935,11.6,8
0.2,0.99237,11.3,6
0.39,0.99144,12.5,7
0.2,0.99022,11.4,5
0.235,0.99032,12.2,5
0.965,1.03898,11.7,6
0.2,0.99587,10.4,6
0.2,0.99587,10.4,6
0.2,0.99587,10.4,6
0.24,0.99976,9.1,5
0.3,0.99354,12.2,6
0.24,0.99976,9.1,5
0.4,0.99552,9.4,5
0.4,0.99552,9.4,5
0.2,0.99587,10.4,6
0.25,0.99604,9.2,5
0.26,0.99584,9.4,5
0.37,0.98894,13.5,7
0.35,0.9963,9.4,5
0.22,0.993,10.9,8
0.37,0.98894,13.5,7
0.35,0.9963,9.4,5
0.31,0.99068,11.4,7
0.16,0.98964,12.4,7
0.25,0.99604,9.2,5
0.26,0.99584,9.4,5
0.15,0.9923,10.5,6
0.15,0.99437,11.5,8
0.22,0.993,10.9,8
0.2,0.99238,10.8,6
0.17,0.99801,8.9,5
0.18,0.99802,8.9,5
0.27,0.99566,9.4,6
0.32,0.99067,12.2,7
0.26,0.99066,12.1,7
0.3,0.9929,10.9,5
0.16,0.9934,10.1,6
0.32,0.99067,12.2,7
0.19,0.98912,13,7
0.36,0.99066,11,5
0.17,0.99228,10.8,5
0.19,0.98912,13,7
0.11,0.9958,9.3,4
0.21,0.99052,11.4,6
0.325,0.99312,9.2,5
0.4,0.9968,9.9,5
0.2,0.99502,10.5,5
0.27,0.99084,12.4,6
0.26,0.99573,9.5,6
0.25,0.99256,10.5,6
0.22,0.9959,9.1,6
0.14,0.99084,11.5,7
0.14,0.99084,11.5,7
0.26,0.99644,11.2,5
0.22,0.99526,10.8,5
0.45,0.9954,9.4,5
0.17,0.99095,11,6
0.44,0.99188,11.3,7
0.15,0.9909,11.2,6
0.25,0.99256,10.5,6
0.22,0.9959,9.1,6
0.26,0.99581,10.4,6
0.15,0.99132,11.2,7
0.22,0.98936,11.1,7
0.37,0.99136,11.2,6
0.375,0.99142,10.5,6
0.2,0.99232,10,6
0.22,0.99232,10,6
0.22,0.993,10.9,5
0.22,0.99311,10.9,7
0.15,0.99132,11.2,7
0.2,0.98993,11.7,5
0.31,0.99208,10,5
0.43,0.99776,9.5,5
0.24,0.99839,9,5
0.23,0.99574,10,5
0.2,0.99093,11.9,5
0.16,0.99156,10.6,6
0.21,0.99278,11,6
0.33,0.9924,11.2,7
0.18,0.98984,12,7
0.29,0.99035,12.6,8
0.33,0.9924,11.2,7
0.21,0.99165,10.5,6
0.21,0.9923,10.2,6
0.21,0.99278,11,6
0.11,0.99008,12.2,6
0.15,0.98964,12.3,6
0.16,0.99156,10.6,6
0.19,0.9909,10.4,6
0.18,0.98984,12,7
0.48,0.9889,12.7,7
0.23,0.99178,10.6,5
0.17,0.99076,12.3,6
0.48,0.9889,12.7,7
0.15,0.99046,11.4,6
0.17,0.98999,12,7
0.21,0.98946,12.4,8
0.23,0.98976,12.1,7
0.15,0.99046,11.4,6
0.22,0.99672,10.7,5
0.15,0.99482,9.3,5
0.32,0.98945,12.7,6
0.37,0.98883,11.7,6
0.25,0.99362,10.7,5
0.21,0.99075,11.8,7
0.24,0.99436,9.9,5
0.475,0.98988,13.4,7
0.28,0.99158,12.8,7
0.4,0.99265,12.8,6
0.41,0.99195,10.5,5
0.2,0.99168,11.5,5
0.22,0.9918,10.5,4
0.36,0.99313,13,6
0.285,0.9895,12.4,8
0.2,0.9932,10.2,6
0.42,0.99848,9,5
0.16,0.9909,12,7
0.125,0.99014,11.7,7
0.44,0.9952,10,5
0.31,0.99652,10.3,5
0.42,0.99848,9,5
0.18,0.99104,11.1,5
0.21,0.99772,9,5
0.16,0.9922,10.5,6
0.22,0.99076,11.9,7
0.36,0.99622,9.4,5
0.21,0.9902,11.4,6
0.25,0.99114,10.8,7
0.31,0.9938,9.8,5
0.26,0.99594,9.3,5
0.21,0.9902,11.4,6
0.2,0.99035,11.3,6
0.18,0.99032,11.3,6
0.37,0.99558,9.5,5
0.36,0.99622,9.4,5
0.22,0.99076,11.9,7
0.18,0.99413,9.3,5
0.14,0.99043,11.4,6
0.14,0.99043,11.4,6
0.44,0.98982,12.7,6
0.36,0.98934,13.5,7
0.28,0.9902,11.2,6
0.16,0.99449,10.7,5
0.28,0.99629,10.8,4
0.39,0.9948,10.5,6
0.44,0.98984,13,8
0.22,0.99326,10.8,6
0.22,0.99834,9.1,6
0.25,0.99555,10.1,5
0.155,0.98975,11.9,8
0.31,0.99216,12,7
0.31,0.99216,12,7
0.22,0.99834,9.1,6
0.21,0.9901,11.6,8
0.155,0.98975,11.9,8
0.25,0.99573,10.2,6
0.22,0.99326,10.8,6
0.21,0.99215,9.8,5
0.27,0.98993,11.4,4
0.17,0.99218,9.8,5
0.25,0.99555,10.1,5
0.12,0.99564,9.8,8
0.12,0.99564,9.8,8
0.29,0.99397,10.7,6
0.3,0.99576,10.6,5
0.26,0.99601,9.3,5
0.12,0.99564,9.8,8
0.29,0.99397,10.7,6
0.33,0.98713,14,8
0.29,0.99308,11,6
0.29,0.99308,11,6
0.26,0.99582,9.4,6
0.28,0.99494,9,6
0.28,0.9929,9,5
0.2,0.99471,10,5
0.27,0.9929,9,5
0.28,0.9929,9,5
0.29,0.99037,12.4,7
0.35,0.99304,11.3,5
0.12,0.99026,12,6
0.12,0.98986,11.7,6
0.2,0.99471,10,5
0.4,0.98951,13.2,7
0.11,0.99634,11,7
0.23,0.99368,11,6
0.38,0.99792,9.2,5
0.38,0.99026,13,7
0.19,0.99362,10.6,5
0.34,0.98919,13,8
0.23,0.99835,9,6
0.23,0.99835,9,6
0.31,0.99038,11.5,5
0.2,0.99104,11,6
0.31,0.99038,11.5,5
0.26,0.99286,9.9,5
0.22,0.99296,10.4,6
0.23,0.99835,9,6
0.19,0.9954,9.9,6
0.14,0.9914,11,6
0.32,0.99286,12.1,6
0.23,0.99604,9.7,6
0.23,0.99604,9.7,6
0.36,0.99119,12.2,7
0.38,0.99007,12.4,7
0.23,0.99507,10.5,7
0.2,0.99596,10.4,6
0.26,0.99011,12,6
0.3,0.99184,12.7,6
0.18,0.99469,10.9,7
0.18,0.99469,10.9,7
0.18,0.99406,10.9,7
0.19,0.99305,11.4,7
0.16,0.99096,11,6
0.27,0.98956,12.6,7
0.37,0.9921,11.6,7
0.2,0.99496,10.5,7
0.18,0.99406,10.9,7
0.18,0.99406,10.9,7
0.28,0.9888,12.5,6
0.35,0.98942,12.1,8
0.25,0.99082,11.3,6
0.32,0.98802,13.3,7
0.18,0.99406,10.9,7
0.18,0.99469,10.9,7
0.2,0.99496,10.5,7
0.37,0.9921,11.6,7
0.19,0.99305,11.4,7
0.18,0.99074,11,6
0.3,0.98968,12.1,6
0.16,0.99096,11,6
0.27,0.98956,12.6,7
0.3,0.9887,13,7
0.2,0.99941,8.8,6
0.25,0.99388,9.5,5
0.22,0.99206,11.8,6
0.25,0.99035,12.2,6
0.13,0.99581,10.7,6
0.45,0.9976,11,6
0.32,0.99362,11.4,6
0.13,0.99581,10.7,6
0.34,0.99016,12,6
0.22,0.99176,11.9,8
0.32,0.99362,11.4,6
0.32,0.99439,11.8,6
0.27,0.99458,10.6,4
0.74,0.99418,9.7,5
0.45,0.9976,11,6
0.13,0.99581,10.7,6
0.22,0.99178,11,7
0.22,0.99456,10.5,6
0.32,0.99578,10.4,5
0.18,0.99546,10.5,6
0.47,0.99518,12,8
0.47,0.99518,12,8
0.19,0.99646,9.2,6
0.14,0.99264,10.9,5
0.24,0.99578,9.5,6
0.25,0.99604,9.4,6
0.24,0.99014,11.3,7
0.29,0.99489,10.4,5
0.33,0.99884,9.4,6
0.23,0.99054,11.3,6
0.27,0.99782,8.8,6
0.2,0.99519,10.8,5
0.33,0.99882,9.4,6
0.33,0.99884,9.4,6
0.21,0.9931,9.2,6
0.27,0.99666,10.3,6
0.12,0.99324,9.9,6
0.24,0.99086,12.4,6
0.18,0.9908,11.9,5
0.17,0.99067,11.7,6
0.33,0.99711,9.4,5
0.255,0.99452,9.6,4
0.33,0.99711,9.4,5
0.2,0.9945,10.4,7
0.17,0.99427,9.5,5
0.15,0.99152,11.9,6
0.25,0.98935,12.5,6
0.28,0.98876,13.4,5
0.27,0.99174,12.7,5
0.25,0.99572,9.1,5
0.19,0.99184,10.5,6
0.25,0.99454,10.4,5
0.25,0.99454,10.4,5
0.28,0.99164,12.5,8
0.25,0.99454,10.4,5
0.21,0.99778,9,5
0.15,0.9975,9.8,6
0.21,0.99778,9,5
0.28,0.99205,10.7,4
0.18,0.98962,12.4,6
0.53,0.99118,12.5,8
0.28,0.99164,12.5,8
0.36,0.99274,12.1,7
0.25,0.99184,11.3,6
0.24,0.99052,12,5
0.25,0.99546,10.4,5
0.15,0.98972,12.2,7
0.28,0.9942,8.6,5
0.25,0.99572,9.1,5
0.28,0.99022,12.1,5
0.35,0.99253,12,5
0.19,0.99184,10.5,6
0.25,0.99454,10.4,5
0.35,0.9903,11.9,6
0.31,0.98906,13.7,7
0.17,0.99146,11.3,6
0.23,0.9951,10.5,6
0.31,0.98906,13.7,7
0.2,0.995,10.1,3
0.37,0.98876,12.3,6
0.36,0.98956,12,7
0.17,0.99146,11.3,6
0.28,0.99592,9.5,6
0.27,0.99129,11.4,6
0.25,0.99064,11.9,7
0.24,0.99368,10,6
0.24,0.99368,10,6
0.13,0.99121,11.3,7
0.78,0.99104,11.7,5
0.33,0.99221,11,7
0.34,0.98924,12.2,7
0.14,0.99176,10.7,7
0.26,0.99432,10.9,6
0.29,0.99366,10.2,6
0.25,0.99064,11.9,7
0.21,0.99178,11.1,5
0.26,0.99126,11.2,6
0.27,0.99129,11.4,6
0.25,0.99252,10.6,6
0.35,0.99709,10.3,5
0.3,0.99513,10.4,4
0.24,0.99045,11.9,6
0.23,0.99,11.9,7
0.23,0.99305,10.4,5
0.24,0.99888,9.2,6
0.17,0.99182,11.3,6
0.17,0.99182,11.3,6
0.21,0.9913,11,7
0.23,0.99,11.9,7
0.28,0.98836,12.9,7
0.19,0.9897,10.8,5
0.25,0.99586,9.1,6
0.23,0.99305,10.4,5
0.18,0.98892,12.9,6
0.18,0.99156,12.2,5
0.24,0.99888,9.2,6
0.23,0.99534,10.3,5
0.17,0.99322,11,7
0.3,0.99296,11,5
0.24,0.99098,11.7,6
0.21,0.98972,12,6
0.33,0.98964,12.7,6
0.35,0.99918,8.8,5
0.17,0.99182,11.3,6
0.25,0.99008,12.8,6
0.16,0.992,11.2,6
0.39,0.99851,8.9,6
0.19,0.99026,11.2,5
0.25,0.9906,11.1,6
0.22,0.99293,10.8,6
0.19,0.99658,9.3,6
0.39,0.99851,8.9,6
0.33,0.9911,12.7,7
0.17,0.9904,12,6
0.19,0.99026,11.2,5
0.23,0.99946,8.8,6
0.23,0.99946,8.8,6
0.23,0.99946,8.8,6
0.32,0.99568,10.4,6
0.23,0.99946,8.8,6
0.32,0.99568,10.4,6
0.39,0.9907,14,6
0.23,0.99946,8.8,6
0.25,0.99018,13.1,6
0.29,0.98994,12.3,6
0.4,0.99075,12.6,6
0.39,0.99212,12,7
0.17,0.99684,9.5,5
0.39,0.99212,12,7
0.36,0.99036,12.7,7
0.19,0.99456,10.5,6
0.34,0.98865,12.9,6
0.17,0.99684,9.5,5
0.39,0.99212,12,7
0.36,0.99036,12.7,7
0.3,0.99222,11.9,6
0.68,0.99022,12,6
0.34,0.99076,12.5,6
0.28,0.99144,12.1,7
0.19,0.98961,12.5,6
0.16,0.9936,9.9,6
0.17,0.99126,10.7,6
0.2,0.99044,12,6
0.33,0.99123,12.2,8
0.33,0.99123,12.4,8
0.36,0.9916,12.4,8
0.21,0.9959,10.3,6
0.2,0.99044,12,6
0.41,0.9931,10.5,5
0.15,0.99422,9.5,6
0.2,0.99194,10.5,4
0.24,0.98926,12.3,6
0.16,0.99306,11.9,6
0.12,0.99164,9.8,5
0.24,0.98926,12.3,6
0.1,0.98988,11.4,7
0.21,0.99268,11,6
0.3,0.99373,10.8,4
0.18,0.98939,12.8,7
0.17,0.99318,11,8
0.19,0.99196,10.2,5
0.28,0.98952,12.5,7
0.24,0.9911,11.6,6
0.16,0.99306,11.9,6
0.12,0.99164,9.8,5
0.16,0.99111,11,5
0.21,0.99321,10.9,6
0.22,0.99326,11,7
0.34,0.99124,12.5,6
0.22,0.99326,11,7
0.21,0.99214,12,7
0.31,0.9897,12.4,7
0.34,0.99124,12.5,6
0.42,0.98915,12.8,7
0.22,0.99326,11,7
0.28,0.99692,9.1,5
0.45,0.991,12.4,7
0.29,0.9913,12.9,7
0.21,0.99234,10.9,6
0.25,0.99402,10.8,5
0.21,0.99678,10.6,5
0.33,0.99458,9,5
0.3,0.99452,12,6
0.24,0.99033,11.8,5
0.18,0.9927,10.6,6
0.335,0.99002,12.3,6
0.14,0.99057,11.5,6
0.13,0.99127,11.1,5
0.33,0.99458,9,5
0.29,0.9927,9.9,4
0.35,0.98938,12.8,7
0.38,0.99001,12.9,5
0.24,0.99386,12.9,6
0.16,0.9899,12,6
0.3,0.99452,12,6
0.15,0.9913,11.2,6
0.33,0.98916,13.3,7
0.2,0.99276,9.9,6
0.27,0.99586,9.5,6
0.27,0.99556,9.4,6
0.2,0.99158,11,7
0.13,0.99548,9.4,6
0.21,0.99206,11.5,6
0.31,0.99412,12.5,5
0.2,0.99364,11.9,6
0.25,0.99338,10.4,6
0.15,0.9913,11.2,6
0.22,0.99123,12.5,6
0.23,0.99216,11,7
0.27,0.99328,9.8,5
0.34,0.99031,12.3,7
0.16,0.9908,11,6
0.3,0.98871,12.6,7
0.29,0.99119,11.6,6
0.34,0.99031,12.3,7
0.21,0.99146,13.4,7
0.27,0.99328,9.8,5
0.22,0.99245,11.5,6
0.27,0.99116,11.6,6
0.25,0.9921,11.1,7
0.23,0.99216,11,7
0.13,0.99162,11.3,6
0.24,0.99632,9.9,6
0.26,0.99082,12.6,8
0.3,0.9905,11.8,8
0.38,0.99177,11.4,5
0.19,0.9986,9.2,6
0.19,0.9986,9.2,6
0.19,0.9986,9.2,6
0.19,0.9986,9.2,6
0.19,0.9986,9.2,6
0.19,0.9986,9.2,6
0.32,0.98923,13,5
0.19,1.00014,9.3,7
0.26,0.99026,12.6,8
0.24,0.99358,9.6,6
0.215,0.99688,8,3
0.24,0.99407,11.8,6
0.23,0.99226,10.2,6
0.33,0.99097,12.7,6
0.38,0.9976,9.4,5
0.15,0.99166,10.2,5
0.32,0.99184,12,7
0.22,0.99135,11.3,7
0.23,0.99074,11.8,7
0.22,0.99193,10.9,5
0.48,0.99226,9.8,4
0.23,0.99142,12.2,8
0.16,0.99091,11.1,7
0.38,0.9976,9.4,5
0.16,0.99134,11.4,6
0.15,0.99166,10.2,5
0.32,0.98964,12.8,6
0.12,0.99229,10.1,7
0.2,0.99396,9.4,6
0.34,0.99148,12.2,6
0.21,0.9913,10.9,7
0.23,0.99126,10.9,7
0.21,0.9913,10.9,7
0.2,0.99396,9.4,6
0.28,0.99562,9.4,5
0.25,0.99128,11.4,5
0.12,0.98896,12.9,8
0.28,0.99558,9.4,5
0.17,0.98961,12,7
0.25,0.99338,10.1,6
0.28,0.99558,9.4,5
0.28,0.99562,9.4,5
0.25,0.99572,9.2,5
0.24,0.99056,11.8,6
0.32,0.99146,12.3,7
0.25,0.99128,11.4,5
0.12,0.98896,12.9,8
0.24,0.99172,12.3,6
0.22,0.99012,13.5,7
0.32,0.98912,12.8,7
0.19,0.98902,12.8,7
0.32,0.98912,12.8,7
0.24,0.99395,11,3
0.35,0.99539,10.6,6
0.46,0.99129,12.4,7
0.3,0.98956,12.9,7
0.19,0.9916,11.1,7
0.24,0.98889,12.9,7
0.145,0.99012,11.8,7
0.435,0.99833,9.1,6
0.18,0.98853,12.7,7
0.18,0.98942,12,6
0.32,0.99266,11.2,6
0.16,0.98962,12.4,7
0.21,0.99168,10.4,5
0.29,0.9968,10.4,5
0.26,0.98934,12.7,6
0.26,0.98995,12.5,7
0.17,0.991,12,6
0.17,0.99152,11.6,6
0.25,0.99048,12.6,7
0.17,0.99204,10.2,5
0.17,0.99202,10.4,7
0.24,0.9906,11.5,5
0.21,0.99091,11,6
0.23,0.99472,10.1,6
0.23,0.99452,10.5,6
0.22,0.99177,12.1,7
0.165,0.9934,9.9,6
0.425,0.99082,11.4,6
0.38,0.99784,9.5,6
0.38,0.99784,9.5,6
0.38,0.99784,9.5,6
0.27,0.99665,10.9,6
0.17,0.99422,9.5,6
0.3,0.98999,12.6,6
0.17,0.99422,9.5,6
0.26,0.99254,11.1,5
0.36,0.99782,9.5,7
0.38,0.99784,9.5,6
0.18,0.9952,10.6,6
0.18,0.99519,10.6,6
0.16,0.99384,10.8,6
0.27,0.99665,10.9,6
0.17,0.99596,9.9,6
0.22,0.9935,11.3,6
0.22,0.98862,12.6,6
0.36,0.99151,12.5,6
0.43,0.9922,12.4,6
0.2,0.99426,11.8,7
0.32,0.99168,12.2,6
0.2,0.99556,10.7,6
0.22,0.99356,11.3,7
0.36,0.99151,12.5,6
0.43,0.9922,12.4,6
0.18,0.99072,11.3,7
0.17,0.99596,9.9,6
0.22,0.9935,11.3,6
0.22,0.98862,12.6,6
0.2,0.98954,11.5,6
0.2,0.99076,12.3,7
0.3,0.9889,12.2,6
0.29,0.98794,13.2,6
0.18,0.99207,10.2,6
0.22,0.99355,11.5,7
0.29,0.98794,13.2,6
0.3,0.9889,12.2,6
0.15,0.99336,11,6
0.28,0.98882,13.2,7
0.19,0.99341,9.5,5
0.22,0.997,10.2,6
0.18,0.99207,10.2,6
0.4,0.99174,11.4,6
0.28,0.99042,12.5,8
0.36,0.9984,9.2,5
0.28,0.99111,12.1,7
0.19,0.9933,10.7,7
0.28,0.99111,12.1,7
0.22,0.99316,11.2,6
0.23,0.9946,10.6,6
0.32,0.99,11.8,6
0.28,0.99042,12.5,8
0.36,0.9984,9.2,5
0.39,0.99016,12.6,6
0.24,0.99381,12.8,7
0.29,0.99144,12.3,6
0.28,0.99139,12.3,8
0.38,0.9919,12.4,6
0.28,0.99192,12.3,6
0.25,0.99576,9.1,5
0.26,0.9958,9.1,5
0.29,0.9951,10.6,6
0.19,0.99304,10.3,6
0.33,0.99657,9.5,5
0.32,0.99268,11.1,6
0.46,0.99392,10.8,6
0.19,0.99242,11.2,5
0.46,0.99392,10.8,6
0.27,0.9925,11.4,5
0.18,0.99092,11.2,6
0.15,0.99137,10.2,6
0.32,0.99268,11.1,6
0.33,0.99657,9.5,5
0.32,0.99642,10.2,6
0.23,0.9916,11,3
0.3,0.99458,11.5,7
0.14,0.99373,9.8,6
0.24,0.99586,10.1,6
0.21,0.99942,8.8,6
0.3,0.99458,11.5,7
0.3,0.9895,12.7,7
0.37,0.9963,9.8,6
0.64,0.9892,12.9,4
0.37,0.9963,9.8,6
0.3,0.9895,12.7,7
0.28,1.00196,8.5,5
0.29,0.99036,12.7,8
0.28,0.989,13.1,8
0.18,0.99947,9.1,5
0.32,0.9916,12.5,6
0.17,0.99945,9.1,6
0.17,0.99945,9.1,6
0.24,0.99375,11.2,6
0.32,0.9916,12.5,6
0.18,0.99947,9.1,5
0.17,0.99945,9.1,6
0.18,0.99946,9.1,6
0.29,0.99153,11.5,5
0.255,0.98834,12.9,7
0.34,0.99138,12.5,6
0.24,0.98928,12.3,6
0.24,0.99246,11.4,6
0.4,0.99576,9.4,5
0.3,0.99956,9.1,5
0.4,0.99576,9.4,5
0.17,0.99026,12,5
0.25,0.99174,11.1,5
0.27,0.99058,11.8,7
0.16,0.9905,11.4,6
0.3,0.99956,9.1,5
0.15,0.99192,12.1,8
0.34,0.99554,10.4,6
0.17,0.99536,9.2,6
0.47,0.99056,13,7
0.15,0.99192,12.1,8
0.21,0.99112,11.5,7
0.21,0.99112,11.5,7
0.24,0.99616,10,5
0.34,0.99266,11.1,6
0.54,0.98918,12.4,5
0.23,0.98926,12.2,6
0.39,0.99114,10.6,5
0.105,0.9912,11.1,7
0.32,0.98936,13.9,7
0.22,0.9983,9.2,6
0.19,0.99532,10.5,6
0.24,0.99189,11.3,8
0.17,0.99,12.9,6
0.3,0.98914,12.9,7
0.29,0.99537,9.6,5
0.19,0.99,12.9,6
0.17,0.99,12.9,6
0.24,0.99742,8.8,5
0.16,0.98884,13.2,8
0.22,0.9983,9.2,6
0.24,0.99189,11.3,8
0.19,0.99532,10.5,6
0.16,0.99284,10.5,6
0.3,0.99026,12.6,8
0.22,0.99297,9.5,6
0.36,0.99711,9.8,6
0.37,0.98934,13.4,8
0.31,0.9913,11.8,7
0.36,0.99711,9.8,6
0.32,0.98964,13.1,7
0.3,0.99026,12.6,8
0.22,0.992,10.4,5
0.45,0.98944,13.4,8
0.36,0.99031,13,7
0.37,0.98934,13.4,8
0.21,0.99393,10.2,7
0.28,0.9904,11.7,6
0.22,0.99297,9.5,6
0.2,0.99088,11.7,6
0.28,0.99254,11.4,8
0.31,0.9913,11.8,7
0.2,0.99158,11.2,6
0.28,0.99408,13,7
0.28,0.99408,13,7
0.24,0.99473,10.9,6
0.22,0.98998,11.6,7
0.24,0.99146,11.3,7
0.43,0.99742,12,6
0.3,0.99273,10.5,6
0.33,0.98922,13.1,7
0.28,0.99408,13,7
0.24,0.99473,10.9,6
0.29,0.99869,9.1,5
0.33,0.9896,13.4,7
0.16,0.99108,11.5,7
0.2,0.99134,11.2,7
0.33,0.99385,10.9,6
0.36,0.98936,13.5,7
0.29,0.99869,9.1,5
0.26,0.99606,9.9,6
0.22,0.99508,10.5,6
0.19,0.99038,11.7,7
0.21,0.99158,11,6
0.35,0.9932,13,6
0.38,0.99164,13.6,6
0.19,0.98987,12.3,7
0.33,0.98947,13.3,7
0.29,0.98819,13.7,7
0.2,0.99133,11.1,5
0.33,0.99143,13.4,7
0.23,0.99571,9.1,5
0.23,0.99139,11.3,7
0.32,0.99537,9.4,5
0.23,0.99571,9.1,5
0.36,0.99186,11.6,6
0.36,0.99186,11.6,6
0.27,0.98984,12.4,6
0.23,0.9963,9.8,6
0.75,0.99312,11.1,4
0.35,0.9897,13.1,7
0.31,0.9955,9.7,5
0.28,0.99528,9.2,5
0.23,0.99279,11.7,6
0.22,0.99704,10.6,6
0.31,0.9955,9.7,5
0.28,0.99528,9.2,5
0.24,0.9914,10.9,6
0.27,0.99224,10.1,5
0.28,0.99074,12.2,7
0.27,0.98892,12.7,6
0.28,0.98959,13,6
0.26,0.99212,11.2,6
0.23,0.99576,9.4,6
0.33,0.9919,11,6
0.33,0.9919,11,6
0.2,1.00037,9.2,6
0.23,0.99576,9.4,6
0.2,1.00037,9.2,6
0.47,0.992,12.3,6
0.33,0.9919,11,6
0.14,0.99218,10,6
0.22,0.99855,9,6
0.22,0.99855,9,6
0.22,0.99855,9,6
0.2,0.99062,11.1,6
0.14,0.99362,9.9,6
0.21,0.99324,12.2,7
0.2,0.99062,11.1,6
0.22,0.99855,9,6
0.34,0.99098,11.8,4
0.64,0.99036,12.9,6
0.48,0.99398,9,5
0.37,0.9903,12.4,6
0.48,0.99398,9,5
0.64,0.99036,12.9,6
0.25,0.99406,11.2,6
0.38,0.9906,12.6,6
0.26,0.99089,11.5,6
0.15,0.99096,11.3,7
0.25,0.99406,11.2,6
0.26,0.99089,11.5,6
0.655,0.9936,10.5,4
0.38,0.9906,12.6,6
0.31,0.9911,11.9,6
0.17,0.99396,10.1,6
0.18,0.99089,11,7
0.28,0.9968,10.6,5
0.23,0.99138,11.3,7
0.22,0.99098,11.2,4
0.25,0.99238,11.5,7
0.3,0.99244,11.1,5
0.26,0.99176,12.8,7
0.32,0.98993,12.3,6
0.24,0.9929,10.4,6
0.25,0.99238,11.5,7
0.24,0.98988,11.7,7
0.28,0.992,10.7,7
0.19,0.99784,9.5,6
0.19,0.99784,9.5,6
0.19,0.99784,9.5,6
0.19,0.99006,12,7
0.28,0.99211,10.8,5
0.28,0.99202,10.7,7
0.28,0.992,10.7,7
0.19,0.99332,10.7,7
0.16,0.98958,12.1,7
0.17,0.98939,11.9,7
0.19,0.99492,10.8,6
0.2,0.99043,12.3,7
0.39,0.99787,9.4,6
0.12,0.99654,9.9,6
0.295,0.99304,10.4,7
0.26,0.9952,10.4,6
0.32,0.99165,12.6,7
0.36,0.9892,12.5,6
0.35,0.99628,9.4,5
0.38,0.99604,9.2,5
0.14,0.99164,11.2,6
0.16,0.998,9.2,6
0.16,0.998,9.2,6
0.35,0.99628,9.4,5
0.14,0.99164,11.2,6
0.16,0.99226,10.8,6
0.16,0.998,9.2,6
0.38,0.99604,9.2,5
0.24,0.98914,12.5,6
0.32,0.99794,9.3,5
0.29,0.99048,11.4,5
0.27,0.99726,10,7
0.45,1.00295,10.6,6
0.2,0.99278,10.7,7
0.27,0.99726,10,7
0.24,0.98914,12.5,6
0.45,1.00295,10.6,6
0.36,0.99054,12.8,7
0.32,0.99794,9.3,5
0.29,0.99048,11.4,5
0.37,0.99459,9.5,5
0.38,0.99459,9.5,6
0.36,0.9946,9.5,6
0.3,0.99362,10.8,6
0.3,0.99362,10.8,6
0.21,0.99966,8.8,6
0.3,0.99362,10.8,6
0.31,0.99442,11,7
0.58,0.98918,12.4,6
0.26,0.99089,11.3,7
0.3,0.99474,11.2,7
0.29,0.99008,12.5,7
0.13,0.99348,10,6
0.19,0.99283,11,6
0.25,0.99398,10.5,6
0.25,0.99398,10.5,6
0.19,0.99283,11,6
0.24,0.9908,11.4,7
0.18,0.99165,11.3,6
0.33,0.99076,12.2,7
0.29,0.98942,12.6,7
0.31,0.99244,11.1,5
0.29,0.99058,12.3,6
0.19,0.99255,10.4,4
0.32,0.99916,8.8,6
0.085,0.99306,9.5,6
0.32,0.99916,8.8,6
0.18,0.99498,10.4,6
0.52,0.99,13,7
0.28,0.99338,12.2,7
0.15,0.99456,10.5,8
0.275,0.9926,10.8,7
0.53,0.98856,13.2,8
0.32,0.98946,13,8
0.22,0.99346,10,6
0.6,0.99268,10.4,4
0.26,0.98944,12.4,6
0.29,0.98976,12.9,8
0.53,0.98856,13.2,8
0.21,0.99523,10.5,7
0.32,0.98946,13,8
0.27,0.99402,11.2,5
0.37,0.98916,12.7,7
0.21,0.99655,9.4,6
0.3,0.99071,12.9,7
0.41,0.98889,13,8
0.3,0.98742,13.6,7
0.34,0.99336,9.1,5
0.25,0.992,10.4,6
0.3,0.98742,13.6,7
0.58,0.99275,12.2,6
0.23,1.00044,8.7,5
0.2,0.99444,10.5,7
0.15,0.99742,10.2,6
0.22,0.99228,12.5,8
0.16,0.99058,11.3,7
0.15,0.99742,10.2,6
0.31,0.99164,12.6,7
0.15,0.99742,10.2,6
0.3,0.99438,9.8,5
0.16,0.99402,10.8,5
0.21,0.99128,12.5,6
0.22,0.99228,12.5,8
0.21,0.991,11.5,7
0.22,0.9931,11.4,6
0.2,0.99444,10.5,7
0.31,0.99164,12.6,7
0.23,1.00044,8.7,5
0.15,0.99112,11,6
0.16,0.99058,11.3,7
0.15,0.99742,10.2,6
0.22,0.98961,11.6,6
0.3,0.99438,9.8,5
0.3,0.99344,10.1,5
0.26,0.99904,9.2,5
0.24,0.99884,9.1,6
0.24,0.99884,9.1,6
0.24,0.99884,9.1,6
0.24,0.99884,9.1,6
0.15,0.98949,11.7,6
0.34,0.99014,12.6,6
0.35,0.99786,9,5
0.31,0.99206,10.1,5
0.67,0.98722,13.6,5
0.24,0.99884,9.1,6
0.2,0.99666,9.2,5
0.28,0.99754,8.8,5
0.18,0.99272,10,4
0.35,0.99712,9.1,6
0.22,0.99104,11.2,5
0.18,0.99373,9.2,6
0.26,0.99904,9.2,5
0.3,0.9956,9.5,5
0.34,0.99095,11.9,7
0.3,0.99382,9.8,5
0.31,0.99382,9.8,5
0.265,0.99299,10.8,7
0.255,0.99048,11.3,6
0.26,0.99254,12.1,6
0.17,0.9902,11.3,7
0.265,0.99299,10.8,7
0.2,0.99012,13.5,7
0.28,0.99293,10.3,5
0.22,1.00022,9,6
0.34,0.99382,11.6,6
0.28,0.99293,10.3,5
0.19,0.98954,12.5,6
0.21,0.99936,8.6,5
0.22,0.9884,13.4,6
0.32,0.99144,12.7,4
0.21,0.99324,9.2,5
0.26,0.99174,10.2,6
0.15,0.99792,9,7
0.15,0.99792,9,7
0.15,0.99792,9,7
0.15,0.99792,9,7
0.15,0.99792,9,7
0.15,0.99792,9,7
0.15,0.99792,9,7
0.27,0.99043,11.9,5
0.22,0.99654,9,6
0.24,0.99758,9,5
0.28,0.99374,11,6
0.15,0.99792,9,7
0.17,0.99243,10,5
0.26,0.99216,10.7,5
0.27,0.99215,10.7,5
0.46,0.98953,13.4,8
0.19,0.99278,11,6
0.17,0.99243,10,5
0.26,0.99216,10.7,5
0.27,0.99215,10.7,5
0.19,0.99278,11,6
0.2,0.99186,11,6
0.17,0.99072,11.1,7
0.2,0.99244,10.9,5
0.39,0.99084,11.5,5
0.46,0.98953,13.4,8
0.4,0.99754,9.4,5
0.4,0.99754,9.4,5
0.4,0.99754,9.4,5
0.24,0.99567,10.6,6
0.4,0.99754,9.4,5
0.27,0.99094,12,4
0.27,0.99532,10.2,6
0.24,0.99567,10.6,6
0.61,0.9874,13.5,5
0.42,0.99794,9.7,5
0.33,0.99122,12.2,6
0.33,0.99226,12.3,5
0.33,0.99122,12.2,6
0.15,0.99099,11.4,7
0.32,0.99134,12.7,7
0.42,0.99794,9.7,5
0.25,0.99338,10.8,6
0.27,0.9938,11,6
0.27,0.9955,9.5,5
0.25,0.99776,10.1,6
0.19,0.98964,13.2,7
0.29,0.99808,8.8,5
0.34,0.99551,9.5,5
0.27,0.99548,9.5,5
0.26,0.99541,9.5,6
0.27,0.9955,9.5,5
0.26,0.99536,9.5,5
0.25,0.99524,10.4,6
0.32,0.9961,9.9,6
0.24,0.99224,10,5
0.25,0.99776,10.1,6
0.13,0.99702,9.4,6
0.39,0.99657,9.3,5
0.21,0.99176,10.9,5
0.3,0.99166,11.4,5
0.2,0.99242,10.3,5
0.18,0.99109,11,6
0.21,0.99176,10.9,5
0.17,0.99278,10.8,6
0.2,0.99242,10.3,5
0.18,0.99109,11,6
0.39,0.99657,9.3,5
0.21,0.99358,10.2,5
0.21,0.99358,10.2,6
0.17,0.99278,10.8,6
0.26,0.99705,10.5,3
0.28,0.9912,11.1,5
0.21,0.99176,10.9,5
0.3,0.99166,11.4,5
0.34,0.99677,10.3,5
0.43,0.99172,12.9,7
0.41,0.9953,9.9,5
0.4,0.99186,11.3,6
0.35,0.99188,11.5,6
0.35,0.99188,11.5,6
0.3,0.99158,10.7,5
0.28,0.99522,10.4,6
0.33,0.99176,12.5,6
0.26,0.99558,9.5,5
0.24,0.9911,11.3,7
0.46,0.99016,13,6
0.35,0.99188,11.5,6
0.23,0.98956,11.5,5
0.4,0.99186,11.3,6
0.44,0.99062,13.2,7
0.26,0.99274,11.5,7
0.31,0.993,9.6,5
0.31,0.993,9.6,5
0.15,0.9978,9.7,6
0.41,0.9946,9.2,5
0.31,0.99429,8.4,5
0.27,0.99002,12.4,6
0.27,0.99002,12.4,6
0.41,0.9946,9.2,5
0.31,0.99429,8.4,5
0.37,0.9909,11.7,6
0.21,0.99294,11,6
0.26,0.99044,11.9,6
0.34,0.98958,13.2,7
0.37,0.9909,11.7,6
0.32,0.9986,9.1,5
0.24,0.99262,12.6,6
0.32,0.9986,9.1,5
0.39,0.99212,10.5,6
0.31,0.99628,10.6,5
0.24,0.99262,12.6,6
0.17,0.98913,13.7,7
0.2,0.99021,12,6
0.32,0.99198,12.5,7
0.12,0.99226,12.1,6
0.18,0.99159,11.3,6
0.2,0.99021,12,6
0.17,0.99224,10.3,6
0.21,0.99068,12.7,6
0.25,0.99587,9.2,5
0.25,0.99587,9.2,5
0.22,0.99728,9.5,6
0.27,0.99364,10.1,6
0.27,0.99364,10.1,6
0.39,0.99018,13,7
0.31,0.98968,13.1,6
0.23,0.99178,11,6
0.25,0.99587,9.2,5
0.22,0.9961,9.4,6
0.22,0.99728,9.5,6
0.23,0.99534,10.2,6
0.27,0.99364,10.1,6
0.36,0.99864,8.6,4
0.37,0.99776,9,5
0.26,0.99545,9.6,5
0.22,0.99299,9.9,7
0.22,0.99665,10.5,5
0.28,0.99069,11.4,5
0.35,0.99692,9.4,5
0.73,0.99324,11.1,4
0.28,0.99896,8.9,6
0.28,0.99896,8.9,6
0.2,0.99226,10.8,5
0.33,0.99226,12.2,6
0.28,0.99896,8.9,6
0.24,0.99076,12.5,6
0.33,0.99226,12.2,6
0.24,0.99076,12.5,6
0.28,0.99896,8.9,6
0.27,0.9951,10.8,6
0.38,0.99234,11.4,6
0.2,0.99226,10.8,5
0.21,0.99368,10.6,5
0.34,0.9937,9.2,5
0.435,0.99151,12.2,6
0.25,0.99021,12.3,6
0.26,0.99479,10.4,6
0.24,0.9954,10.4,6
0.23,0.99176,11,7
0.21,0.99368,10.6,5
0.34,0.9937,9.2,5
0.65,0.99246,13.5,4
0.22,0.9908,11.4,6
0.27,0.98994,11.5,6
0.455,0.98746,14,7
0.33,0.99028,12.5,7
0.33,0.99028,12.5,7
0.31,0.98867,12.8,7
0.39,0.99174,11.2,7
0.39,0.99174,11.2,7
0.37,0.99021,13.6,6
0.23,0.99304,9.2,6
0.33,0.99028,12.5,7
0.25,0.99154,11.1,6
0.39,0.99174,11.2,7
0.455,0.98746,14,7
0.37,0.99021,13.6,6
0.28,0.9956,9.4,5
0.35,0.98779,14.2,7
0.31,0.98836,13.2,6
0.25,0.99138,11.2,6
0.36,0.99751,10.2,5
0.31,0.98867,12.8,7
0.31,0.99249,10.1,5
0.31,0.99249,10.1,5
0.22,0.99239,10.3,5
0.14,0.99512,9.9,6
0.22,0.99098,11.5,5
0.32,0.99872,9,5
0.32,0.99872,9,5
0.28,0.98894,12.1,6
0.3,0.988245,13.3,6
0.22,0.99326,11.5,8
0.31,0.99328,11,4
0.27,0.99222,10.7,6
0.46,0.99898,9.4,5
0.23,0.99486,10.3,6
0.36,0.99528,9.3,5
0.18,0.99062,12,6
0.27,0.99282,11,6
0.4,0.996,9.3,5
0.345,0.99138,10.1,5
0.23,0.99166,11.1,6
0.2,0.99408,9.9,6
0.27,0.99281,11,6
0.27,0.99282,11,6
0.3,0.98964,12.5,6
0.3,0.98952,12.7,7
0.14,0.99469,9.3,5
0.4,0.996,9.3,5
0.345,0.99138,10.1,5
0.33,0.9991,8.8,5
0.16,0.99047,11.2,6
0.22,0.99178,10.8,7
0.33,0.9991,8.8,5
0.16,0.99047,11.2,6
0.24,0.99207,10.3,5
0.31,0.99152,12,5
0.185,0.99438,9.5,6
0.185,0.99438,9.5,6
0.43,0.99622,9.8,6
0.39,0.99773,9,5
0.58,0.99088,13,7
0.34,0.99108,11.8,7
0.35,0.99803,8.8,5
0.38,0.99304,11.2,4
0.185,0.99438,9.5,6
0.27,0.99548,9.4,4
0.29,0.99551,9.5,6
0.17,0.99152,10.4,6
0.18,0.99572,9.8,7
0.17,0.99152,10.4,6
0.37,0.99244,10.3,6
0.27,0.99548,9.4,4
0.29,0.99551,9.5,6
0.24,0.9903,11.9,7
0.32,0.99162,12.8,7
0.27,0.99116,13,6
0.29,0.9922,10.4,7
0.29,0.99223,10.4,6
0.22,0.99481,10.7,5
0.22,0.9928,10.7,7
0.24,0.9903,11.9,7
0.23,0.99429,10.4,6
0.32,0.99162,12.8,7
0.11,0.99454,9.9,6
0.11,0.99454,9.9,6
0.23,0.99863,9.4,6
0.2,0.991,11.4,6
0.11,0.99454,9.9,6
0.23,0.99863,9.4,6
0.2,0.99317,9.2,5
0.19,0.99173,10.5,7
0.28,0.99455,11,7
0.28,0.99455,11,7
0.37,0.99186,12.1,5
0.28,0.99455,11,7
0.26,0.98944,12.8,7
0.24,0.9942,10.5,6
0.24,0.9942,10.5,6
0.24,0.9942,10.5,6
0.25,0.99238,9.5,5
0.25,0.99782,9.2,6
0.14,0.99111,11.1,6
0.38,0.99067,12.3,7
0.14,0.99111,11.1,6
0.15,0.98878,12.6,6
0.25,0.99238,9.5,5
0.25,0.99782,9.2,6
0.22,0.9938,10.8,6
0.21,0.99143,11.3,6
0.26,0.98944,12.8,7
0.24,0.9942,10.5,6
0.46,0.99588,9.8,6
0.18,1.00038,8.5,6
0.32,0.99424,9.3,5
0.4,0.99626,9.2,5
0.23,0.99076,11.4,6
0.18,1.00038,8.5,6
0.32,0.99424,9.3,5
0.37,0.99536,8.4,4
0.23,0.99318,9.2,5
0.4,0.99626,9.2,5
0.19,0.99726,10.4,6
0.28,0.99126,11.6,6
0.32,0.98998,12.4,6
0.19,0.99726,10.4,6
0.26,0.99304,9.3,5
0.25,0.9892,12.2,6
0.28,0.99296,11,6
0.19,0.99047,11.4,5
0.29,0.9924,9.5,5
0.27,0.9989,9.2,5
0.26,0.99338,11.1,6
0.27,0.9989,9.2,5
0.2,0.99404,11,6
0.33,0.99287,9.9,5
0.34,0.99286,9.9,5
0.29,0.9924,9.5,5
1.1,0.99058,12.4,4
0.24,0.9934,9.4,5
0.24,0.99545,9.3,5
0.16,0.9984,8.7,7
0.16,0.9984,8.7,7
0.16,0.9984,8.7,7
0.16,0.9984,8.7,7
0.17,0.99971,9,7
0.19,0.99546,10.7,6
0.19,0.99546,10.7,6
0.16,0.99058,11.3,6
0.16,0.9984,8.7,7
0.3,0.99314,11.7,6
0.24,0.99545,9.3,5
0.16,0.9984,8.7,7
0.17,0.99971,9,7
0.3,0.99314,11.7,6
0.43,0.99565,10.7,5
0.17,0.99056,11.4,6
0.19,0.99546,10.7,6
0.16,0.99058,11.3,6
0.41,0.99362,10,5
0.41,0.99362,10,5
0.36,0.99196,11.2,6
0.17,0.99255,9.7,5
0.28,0.99027,12.5,5
0.5,0.99302,12.9,8
0.44,0.99257,11.8,6
0.38,0.99506,10.6,5
0.44,0.99257,11.8,6
0.24,0.9952,10.7,6
0.28,0.99498,9.9,5
0.26,0.9903,12,6
0.16,0.99706,10.4,7
0.36,0.99398,8.5,5
0.35,0.99588,9.9,4
0.25,0.99691,9.4,6
0.37,0.99608,10.4,5
0.25,0.99142,11,6
0.23,0.99138,11,6
0.265,0.99432,10.4,6
0.25,0.99592,9.8,6
0.25,0.99691,9.4,6
0.23,0.99432,10.6,6
0.3,0.99266,10.1,5
0.33,0.99456,11.5,8
0.26,0.9915,11.4,6
0.2,0.99322,9.2,6
0.21,0.9927,9.7,6
0.25,0.99173,11.3,6
0.27,0.99412,9.6,6
0.24,0.99666,8.9,6
0.14,0.99425,10,6
0.5,0.99314,9.2,6
0.41,0.99672,9,6
0.25,0.99024,12.8,7
0.41,0.99672,9,6
0.25,0.99366,9.5,5
0.14,0.99425,10,6
0.21,0.99299,11,5
0.5,0.99314,9.2,6
0.29,0.99528,10.6,6
0.37,0.99568,10,5
0.37,0.99568,10,5
0.31,0.99062,11.7,7
0.45,0.99058,12.5,7
0.3,0.99059,11.1,7
0.23,0.99119,9.7,5
0.3,0.99727,12.3,6
0.28,0.99021,12.2,6
0.255,0.99238,11.3,6
0.4,0.99164,11.6,5
0.21,0.99006,11.3,6
0.2,0.99078,11.1,6
0.17,0.99036,11.2,6
0.21,0.99123,11.3,6
0.26,0.98978,12,6
0.35,0.99908,8.8,6
0.35,0.99908,8.8,6
0.43,0.99022,12,8
0.4,0.99024,12,7
0.28,0.9973,9,5
0.23,0.99853,9.3,6
0.34,0.99769,8.7,6
0.44,0.98954,12.8,6
0.13,0.98974,11.5,7
0.17,0.99382,10,5
0.18,0.99383,10,5
0.31,0.99538,10.3,5
0.33,0.99734,10.4,5
0.34,0.98981,13.4,7
0.29,0.99095,11.2,6
0.31,0.9964,9.1,5
0.31,0.9964,9.1,5
0.25,0.99411,10.8,6
0.27,0.9915,12.5,6
0.26,0.99234,11.3,5
0.65,0.99016,12.8,6
0.31,0.9964,9.1,5
0.23,0.98949,12.7,6
0.18,0.99287,11,7
0.28,0.99544,10.4,6
0.28,0.99544,10.4,6
0.27,0.9941,10.7,6
0.25,0.994,10.9,6
0.28,0.99544,10.4,6
0.26,0.99546,10.4,6
0.13,0.99737,9.7,7
0.18,0.99287,11,7
0.2,0.99767,9.6,6
0.24,0.98711,13.9,7
0.48,0.99714,9.4,5
0.26,0.99134,12.5,6
0.2,0.99767,9.6,6
0.3,0.9927,9.5,5
0.32,0.9948,9.6,5
0.3,0.9927,9.5,5
0.34,0.99481,9.6,5
0.16,0.99825,8.7,7
0.16,0.99825,8.7,7
0.16,0.99825,8.7,7
0.16,0.99825,8.7,7
0.16,0.99825,8.7,7
0.16,0.99825,8.7,7
0.26,0.99192,10.4,5
0.31,0.99184,10.7,5
0.22,0.99019,12,7
0.23,0.98998,12.1,7
0.17,0.98886,13.1,8
0.19,0.98998,12.4,6
0.21,0.98949,12.6,7
0.16,0.99825,8.7,7
0.22,0.99009,12,5
0.34,0.99252,11.6,6
0.34,0.99288,9.3,5
0.24,0.99659,9.3,6
0.35,0.99133,11.1,7
0.24,0.99324,10.2,6
0.25,0.99164,10.6,6
0.19,0.99107,11.3,7
0.24,0.9986,9.4,5
0.31,0.99708,9.3,6
0.25,0.99163,11.1,6
0.38,0.99605,9.9,6
0.3,0.99065,11.8,7
0.33,0.9903,12.6,7
0.24,0.9986,9.4,5
0.27,0.99236,10.5,5
0.24,0.98948,12.3,6
0.33,0.99045,11.3,6
0.21,0.9939,9.6,5
0.22,0.98985,12,6
0.27,0.99138,11.2,5
0.2,0.99348,10.2,6
0.27,0.99066,12.4,6
0.2,0.99348,10.2,6
0.45,0.98862,13.4,8
0.22,0.98865,12.6,6
0.3,0.99472,9.8,5
0.36,0.99792,9.1,5
0.27,0.99066,12.4,6
0.24,0.99035,12.5,6
0.41,0.99086,11.7,6
0.24,0.99013,12.9,6
0.3,0.99266,10.1,5
0.26,0.99517,10.3,6
0.41,0.99086,11.7,6
0.32,0.99666,10.3,6
0.25,0.991,10.8,7
0.23,0.99068,11.2,6
0.23,0.99084,11.8,6
0.17,0.9939,9.8,6
0.38,0.99624,10,6
0.31,0.99602,8.8,4
0.38,0.9926,10.1,4
0.44,0.99718,9.5,5
0.44,0.99718,9.5,5
0.44,0.99718,9.5,5
0.38,0.99344,9.2,4
0.33,0.99184,12.2,6
0.44,0.99718,9.5,5
0.19,0.99033,11.3,6
0.28,0.99248,12.1,6
0.38,0.99344,9.2,4
0.43,0.99076,11.2,4
0.22,0.99092,12.5,7
0.345,0.99486,10.6,5
0.255,0.99464,10.4,7
0.2,0.99235,10.1,7
0.29,0.99612,9.9,6
0.26,0.99202,11,6
0.22,0.99261,10,6
0.35,0.98964,12.7,6
0.39,0.99206,12.1,6
0.23,0.9938,10.4,6
0.22,0.99204,10.4,6
0.29,0.99736,9.2,5
0.29,0.99736,9.2,5
0.23,0.99192,10.5,5
0.29,0.99736,9.2,5
0.28,0.99002,11.9,7
0.26,0.996,10.1,6
0.27,0.99237,11.1,6
0.22,0.99214,10.8,7
0.26,0.99041,11.8,6
0.36,0.9982,9.2,5
0.35,0.99822,9.2,5
0.18,0.9893,12.3,6
0.36,0.99274,10.1,6
0.14,0.99105,11.4,6
0.23,0.99209,10.4,6
0.11,0.99676,9.8,6
0.24,0.99251,9.9,6
0.11,0.99676,9.8,6
0.47,0.99082,11.2,4
0.29,0.99567,10.9,5
0.33,0.99416,9.2,5
0.33,0.99416,9.2,5
0.32,0.9887,12,5
0.3,0.98871,12.1,6
0.31,0.99248,12.4,6
0.36,0.99184,11.2,6
0.31,0.98952,12.7,7
0.52,0.99267,12.2,6
0.55,0.99269,12.2,6
0.2,0.98912,12.2,6
0.36,0.99184,11.2,6
0.31,0.98952,12.7,7
0.29,0.9895,12.7,7
0.22,0.98999,12.1,6
0.46,0.9981,9.4,5
0.21,0.995,10.1,6
0.42,0.99848,9.4,5
0.22,0.99862,8.9,6
0.22,0.99862,8.9,6
0.22,0.99862,8.9,6
0.22,0.99862,8.9,6
0.31,0.98886,13,7
0.22,0.99474,10.3,5
0.18,0.99126,10.1,4
0.24,0.99691,10.5,6
0.22,0.99862,8.9,6
0.26,0.99773,10.1,5
0.26,0.99773,10.1,5
0.2,0.9928,11,6
0.2,0.9928,11,6
0.2,0.9928,11,6
0.2,0.9928,11,6
0.28,0.99288,10,5
0.2,0.99202,10.5,6
0.26,0.99606,9.7,6
0.26,0.99773,10.1,5
0.21,0.99922,9.4,5
0.22,0.99296,11.2,6
0.21,0.99922,9.4,5
0.22,0.99468,10.8,5
0.21,0.99922,9.4,5
0.22,0.99296,11.2,6
0.2,0.99388,11,6
0.26,0.99315,12.4,6
0.28,0.99478,9.4,6
0.29,0.99478,9.4,5
0.34,0.99692,9.5,5
0.39,0.99616,10,6
0.26,0.9902,12.5,6
0.24,0.9921,10.9,6
0.25,0.99462,10.5,6
0.24,0.99476,10.8,6
0.22,0.99178,11,7
0.26,0.99081,11.8,6
0.34,0.99198,12.6,6
0.225,0.99545,10.2,6
0.23,0.98997,12,5
0.26,0.9902,12.5,6
0.27,0.99089,11.5,6
0.41,0.99172,11.94,7
0.41,0.9901,12.89333333,7
0.585,0.99681,9.4,5
0.34,0.9893,12.2,7
0.41,0.99172,11.94,7
0.41,0.9901,12.89333333,7
0.26,0.99527,9.5,5
0.28,0.99445,10.6,6
0.16,0.99198,10.5,7
0.27,0.99085,11.46666667,6
0.2,0.99033,11.4,6
0.24,0.99538,9.5,5
0.38,0.99627,9.2,5
0.24,0.99538,9.5,5
0.42,0.99433,10.98,5
0.23,0.9954,9.4,5
0.24,0.99538,9.5,5
0.38,0.99627,9.2,5
0.19,0.99807,8.8,8
0.19,0.99807,8.8,8
0.19,0.99807,8.8,8
0.19,0.99807,8.8,8
0.19,0.99807,8.8,8
0.19,0.99807,8.8,8
0.19,0.99807,8.8,8
0.24,0.99232,10.4,8
0.19,0.99807,8.8,8
0.27,0.99788,10.03333333,6
0.28,0.99108,11.3,6
0.22,0.99234,10.4,6
0.27,0.99288,9.2,6
0.2,0.99195,11.1,6
0.27,0.99288,9.2,6
0.23,0.99121,11.3,7
0.31,0.99839,9.1,6
0.34,0.99738,9.4,5
0.36,0.98963,13.2,6
0.31,0.98946,12.7,6
0.28,0.99178,10.7,5
0.16,0.99136,11.43333333,6
0.31,0.99323,11.1,6
0.31,0.98946,12.7,6
0.29,0.99313,10.53333333,5
0.28,0.9912,11.6,6
0.23,0.99504,9.533333333,5
0.34,0.99461,9.8,6
0.28,0.99178,10.7,5
0.2,0.99008,12,6
0.24,0.98959,12.8,6
0.31,0.99663,9.5,5
0.29,0.99334,10.93333333,6
0.19,0.99561,9.1,5
0.29,0.98959,12.6,6
0.31,0.99663,9.5,5
0.3,0.99418,10.9,6
0.29,0.99334,10.93333333,6
0.22,0.9937,9.6,5
0.23,0.99372,9.3,5
0.23,0.99157,11.36666667,6
0.26,0.98918,12.5,6
0.35,0.9932,9.5,5
0.32,0.99235,11,6
0.34,0.99373,9.4,5
0.13,0.9914,11.33333333,6
0.315,0.99494,8.8,5
0.34,0.99373,9.4,5
0.31,0.99332,11.06666667,6
0.3,0.99198,12.2,6
0.24,0.99142,11,6
0.13,0.9914,11.33333333,6
0.26,0.99542,9.5,5
0.26,0.99542,9.5,5
0.27,0.9924,11,6
0.21,0.99112,11.2,6
0.26,0.99534,9.3,6
0.28,0.99338,10.8,4
0.25,0.99804,9.2,5
0.22,0.99899,9.4,5
0.25,0.99804,9.2,5
0.18,0.99724,10.5,6
0.2,0.99526,10.8,6
0.24,0.99676,9.4,5
0.27,0.99699,9.8,5
0.27,0.99699,9.8,5
0.27,0.99699,9.8,5
0.24,0.99676,9.4,5
0.27,0.99699,9.8,5
0.38,0.99461,12.1,6
0.43,0.99116,12.3,6
0.22,0.99362,9.733333333,5
0.29,0.99512,9.4,5
0.29,0.99512,9.4,5
0.29,0.9895,12.8,7
0.19,0.99043,11.05,6
0.29,0.99512,9.4,5
0.29,0.9895,12.8,7
0.24,0.99391,9.733333333,5
0.3,0.98963,13.1,7
0.27,0.99335,11.5,7
0.3,0.98963,13.1,7
0.27,0.99335,11.5,7
0.305,0.99824,9.1,5
0.24,0.99391,9.75,5
0.22,0.9917,10.5,6
0.22,0.99906,8.8,6
0.22,0.99906,8.8,6
0.22,0.99906,8.8,6
0.22,0.99906,8.8,6
0.22,0.9917,10.5,6
0.22,0.9917,10.5,6
0.22,0.99906,8.8,6
0.22,0.99415,9.9,6
0.21,0.99418,9.9,6
0.32,0.99611,9.9,5
0.44,0.99124,12.2,6
0.31,0.99179,10.8,6
0.36,0.99886,8.7,5
0.38,0.98924,13.2,6
0.24,0.99045,12.7,6
0.56,0.9969,9.4,5
0.24,0.99196,11.2,6
0.29,0.99339,11.33333333,6
0.28,0.99224,11.9,6
0.29,0.99339,11.35,6
0.21,0.99184,10.5,5
0.47,0.99428,9.8,5
0.34,0.99834,9.1,5
0.27,0.98918,12.4,6
0.34,0.99834,9.1,5
0.47,0.99428,9.8,5
0.35,0.99241,11.3,6
0.35,0.99241,11.3,6
0.46,0.98816,13.1,6
0.38,0.98916,12.5,6
0.3,0.99329,10.3,5
0.28,0.99535,10.7,6
0.29,0.99552,10.4,6
0.3,0.99514,9.5,5
0.39,0.99304,9.8,5
0.38,0.98916,12.5,6
0.18,0.9984,9.4,6
0.28,0.99911,9,5
0.28,0.99911,9,5
0.28,0.99911,9,5
0.35,0.98952,13,7
0.22,0.99403,9.9,5
0.18,0.9984,9.4,6
0.28,0.99312,10.6,6
0.42,0.98968,13.4,6
0.32,0.98946,12.5,6
0.26,0.9981,9.3,5
0.26,0.9981,9.3,5
0.32,0.99306,11,5
0.25,0.99378,10.3,5
0.21,0.99036,11.3,6
0.23,0.99094,10.9,6
0.145,0.9908,11.3,6
0.2,0.9899,12.1,6
0.28,0.99173,11.1,5
0.36,0.99356,9.8,5
0.25,0.99571,10.1,6
0.22,0.98945,12.4,6
0.2,0.98865,12.7,6
0.32,0.99514,9.6,5
0.32,0.99514,9.6,5
0.555,0.9943,9.1,5
0.22,0.99636,12.8,5
0.32,0.99514,9.6,5
0.3,0.98987,12.4,6
0.28,0.99288,9.55,4
0.555,0.9943,9.1,5
0.31,0.99064,12.5,6
0.15,0.99394,9.9,6
0.13,0.99175,11.2,6
0.48,0.98926,13,6
0.48,0.98926,13,6
0.3,0.99057,11.7,6
0.28,0.98898,13.1,6
0.19,0.9932,12,6
0.31,0.9972,10.55,6
0.24,0.9902,11.45,6
0.23,0.9988,10.2,6
0.24,0.9902,11.45,6
0.29,0.9958,9.3,5
0.2,0.9935,10.8,5
0.38,0.9925,12.2,6
0.27,0.992,11,6
0.54,0.9986,10.4,6
0.25,0.9914,11.4,6
0.61,0.9909,14.05,7
0.32,0.9943,10.7,5
0.28,0.994,10.2,5
0.19,0.9904,11.2,6
0.305,0.99,12.33333333,5
0.26,0.9902,11.5,4
0.23,0.9925,9.5,5
0.33,0.9886,13.4,6
0.27,0.9898,12.5,6
0.27,0.9898,12.5,6
0.4,0.9904,11.2,6
0.4,0.9964,8.8,5
0.28,0.9908,11.2,6
0.32,0.9899,12.7,6
0.17,0.993,9.8,6
0.2,0.9944,9.8,6
0.13,0.9956,11.7,6
0.31,0.9949,9.8,5
0.36,0.9929,9.6,5
0.2,0.9944,9.8,6
0.18,0.9975,9.7,5
0.16,0.995,10,6
0.13,0.9956,11.7,6
0.27,0.9946,12.3,6
0.17,0.993,9.8,6
0.37,0.9934,9,6
0.26,0.9984,9.1,6
0.28,0.9984,9.1,6
0.28,0.9984,9.1,6
0.12,0.9908,11.4,6
0.25,0.9963,10.5,5
0.24,0.98914,12.4,6
0.26,0.9984,9.1,6
0.28,0.9984,9.1,6
0.18,0.9937,10.1,5
0.09,0.993,10.9,6
0.14,0.9956,11.05,5
0.28,0.98963,12.75,6
0.23,0.98961,12.7,6
0.28,0.9948,11.1,5
0.28,0.9948,11.1,5
0.28,0.98963,12.75,6
0.25,0.989315,13,6
0.2,0.989435,12,6
0.29,0.9899,11.5,6
0.46,0.998275,10.5,5
0.28,0.9948,11.1,5
0.23,0.9914,11.1,6
0.23,0.9915,11.1,6
0.55,0.9924,13.1,6
0.28,0.98963,12.75,6
0.23,0.98961,12.7,6
0.45,0.997,9.6,5
0.2,0.9914,11.7,5
0.37,0.997,9.7,6
0.21,0.9944,10.9,6
0.22,0.9958,10.7,7
0.27,0.98889,13.8,6
0.26,0.989465,12.15,6
0.18,0.9954,10.8,7
0.26,0.9947,10.7,7
0.23,0.9912,10.8,7
0.28,0.9965,10.8,5
0.36,0.9948,12,5
0.28,0.9965,10.8,5
0.3,0.9925,12.2,6
0.2,0.9936,9.4,6
0.29,0.9898,11.4,6
0.22,0.98948,12.5,7
0.22,0.98823,13.05,7
0.32,0.9896,12.4,6
0.2,0.9908,12.9,7
0.35,0.9906,12,7
0.3,0.9904,11.3,5
0.15,0.99754,10,6
0.13,0.9898,11.8,7
0.2,0.998365,9.4,6
0.2,0.99837,8.8,6
0.27,0.99125,11.1,6
0.37,0.9943,10.5,6
0.23,0.99488,9.3,6
0.34,0.99034,11.4,6
0.33,0.99322,11.8,6
0.29,0.98895,12.4,6
0.33,0.99457,11.6,6
0.3,0.99304,11.1,5
0.29,0.98895,12.4,6
0.33,0.99331,11.1,6
0.33,0.99435,11,6
0.45,0.99122,12.2,6
0.36,0.99544,11,6
0.42,0.989,12.9,6
0.39,0.99414,10.9,6
0.53,0.99014,13.4,6
0.66,0.99551,10.7,6
0.36,0.99544,11,6
0.16,0.9908,11.4,7
0.22,0.9927,10.2,6
0.23,0.99244,11,6
0.17,0.99752,9.1,6
0.33,0.99114,11,6
0.38,0.99326,11.5,6
0.29,0.9906,12,6
0.29,0.993,11.2,5
0.28,0.99479,11.2,6
0.36,0.98942,12.6,7
0.615,0.99036,11,4
0.44,0.99201,10.8,6
0.42,0.99184,10.9,5
0.34,0.99441,9.8,5
0.27,0.99442,9.8,5
0.33,0.99474,9.5,5
0.44,0.9916,11.26666667,7
0.28,0.99198,10.8,5
0.5,0.98949,13.4,7
0.44,0.9916,11.3,7
0.62,0.99556,8.9,5
0.38,0.99151,11.2,6
0.305,0.99158,11.5,7
0.5,0.9902,13,7
0.4,0.99204,12.6,6
0.4,0.98988,13.1,6
0.49,0.99344,11.2,5
0.3,0.99394,11.7,6
0.19,0.99153,10.9,6
0.19,0.99153,10.9,6
0.24,0.98981,11.6,7
0.25,0.99524,10.4,7
0.21,0.99221,10.9,7
0.3,0.99394,11.7,6
0.28,0.99318,10.8,6
0.29,0.99366,11.2,6
0.345,0.99494,10,6
0.51,0.99212,10.56666667,5
0.24,0.99018,11.73333333,6
0.51,0.99212,10.6,5
0.54,0.99596,10.5,6
0.24,0.99018,11.75,6
0.26,0.99094,11.4,6
0.24,0.98968,12.4,7
0.21,0.99392,10.1,6
0.29,0.99024,12.3,6
0.24,0.98774,13.1,7
0.18,0.99094,10.65,7
0.26,0.99044,11.4,7
0.61,0.9938,9.3,5
0.695,0.99432,10.2,5
0.695,0.99432,10.2,5
0.39,0.98966,13.1,7
0.38,0.99309,9.6,5
0.36,0.98868,12.8,7
0.29,0.9937,10.96666667,7
0.29,0.9937,10.96666667,7
0.29,0.9937,10.96666667,7
0.29,0.9937,11,7
0.43,0.98975,13.4,6
0.25,0.98984,11.2,6
0.33,0.99063,12.4,6
0.23,0.99168,11.2,5
0.17,0.99272,12.4,6
0.17,0.99362,10.13333333,7
0.16,0.99365,10.13333333,7
0.17,0.99272,12.4,6
0.31,0.99642,9.1,5
0.16,0.99365,10.15,7
0.17,0.99362,10.15,7
0.44,0.99134,11.5,5
0.285,0.99732,8.9,6
0.335,0.99212,10.46666667,5
0.335,0.99212,10.46666667,5
0.28,0.99161,11.8,7
0.35,0.9912,11.63333333,7
0.21,0.99332,10.6,6
0.25,0.99636,9.6,6
0.28,0.99161,11.8,7
0.285,0.99732,8.9,6
0.335,0.99212,10.5,5
0.63,0.99271,10.2,4
0.27,0.98845,13.1,6
0.32,0.9899,11.8,6
0.33,0.99004,12.2,6
0.24,0.99097,11.45,6
0.26,0.9966,10.5,5
0.63,0.99271,10.2,4
0.16,0.99666,9,6
0.16,0.99666,9,6
0.16,0.99666,9,6
0.16,0.99666,9,6
0.19,0.99954,9.1,7
0.36,0.99414,8.8,5
0.16,0.99666,9,6
0.19,0.99954,9.1,7
0.35,0.99188,12.9,7
0.15,0.98926,13,6
0.35,0.99188,12.9,7
0.27,0.99334,9.2,6
0.3,0.99659,9.8,5
0.3,0.99659,9.8,5
0.69,0.9948,10.1,6
0.69,0.9948,10.1,6
0.12,0.99074,10.9,7
0.36,0.9955,9.6,6
0.27,0.99474,10.4,6
0.22,0.98966,11.8,7
0.205,0.99564,10.8,6
0.33,0.99246,10.6,6
0.21,0.98984,12.7,6
0.33,0.99031,12.2,7
0.205,0.99564,10.8,6
0.27,0.99474,10.4,6
0.28,0.99216,11.1,6
0.22,0.98966,11.8,7
0.15,0.99512,10,6
0.315,0.9909,10.8,6
0.225,0.99132,10.3,6
0.24,0.99378,9.9,6
0.15,0.99512,10,6
0.27,0.99044,12.25,5
0.32,0.99521,10.2,6
0.25,0.99489,9.4,6
0.42,0.99495,9.7,6
0.32,0.99521,10.2,6
0.31,0.9954,10.4,6
0.48,0.99121,12.2,6
0.25,0.99489,9.4,6
0.21,0.99478,10.6,6
0.32,0.99346,10.7,5
0.3,0.99331,11.85,5
0.31,0.99321,11.7,6
0.31,0.99321,11.7,6
0.185,0.99218,10.15,6
0.16,0.9898,11.63333333,6
0.17,0.99144,10.8,6
0.16,0.99143,10.8,6
0.24,0.99234,12.3,7
0.3,0.98972,12.5,6
0.16,0.9898,11.65,6
0.32,0.99308,9.6,5
0.27,0.99218,10.9,6
0.27,0.99215,10.8,6
0.14,0.99185,11.2,5
0.24,0.99438,10,5
0.26,0.99314,10.5,3
0.23,0.99542,9.1,6
0.26,0.99428,10.5,6
0.34,0.99943,9.3,5
0.35,0.99946,9.3,6
0.14,0.99185,11.2,5
0.36,0.99472,10.6,6
0.25,0.9891,12.1,7
0.16,0.99076,12,6
0.19,0.99632,9.7,6
0.29,0.99,12.4,6
0.38,0.98872,13.6,7
0.38,0.98872,13.6,7
0.2,0.99102,11.8,6
0.17,0.99388,10,6
0.17,0.99388,10,6
0.15,0.99602,9.1,6
0.48,0.99057,11.9,7
0.4,0.99072,11.75,7
0.26,0.99224,11.4,6
0.3,0.98942,13,8
0.32,0.99171,12.4,8
0.19,0.99352,9.4,7
0.27,0.99705,9.6,6
0.27,0.99705,9.6,6
0.27,0.99705,9.6,6
0.27,0.99705,9.6,6
0.28,0.99654,9.1,5
0.21,0.98953,12,7
0.24,0.99132,11.2,4
0.27,0.99204,10.1,6
0.27,0.99185,10.3,6
0.27,0.98952,12.3,6
0.315,0.99704,10.55,6
0.59,0.99032,10.9,4
0.3,0.99382,9.7,5
0.3,0.99382,9.8,5
0.3,0.9974,8.9,6
0.3,0.9974,8.9,6
0.31,0.99546,10.2,5
0.25,0.99088,11.7,7
0.32,0.98904,12.8,8
0.225,0.989,12.8,8
0.31,0.99546,10.2,5
0.62,0.98758,13.55,6
0.3,0.9901,11.6,6
0.3,0.9974,8.9,6
0.785,0.98981,13.8,6
0.31,0.9952,9.4,6
0.32,0.99519,9.4,5
0.105,0.99142,10.7,7
0.105,0.99142,10.7,7
0.33,0.9897,12.3,6
0.32,0.99684,10.3,5
0.26,0.99445,10.4,6
0.2,0.99051,11.6,7
0.105,0.99142,10.7,7
0.28,0.98986,12.8,8
0.31,0.99189,11.9,7
0.35,0.98934,12.1,4
0.26,0.99449,9.2,6
0.28,0.99566,9.5,6
0.17,0.99252,11,6
0.35,0.9959,10.9,5
0.26,0.9924,10.4,6
0.375,0.99482,9.1,5
0.17,0.99103,11.4,6
0.26,0.98946,11.4,7
0.36,0.99212,9.7,5
0.4,0.99052,12.4,6
0.76,0.99026,13.7,7
0.41,0.99516,10.6,6
0.385,0.99128,11.2,6
0.27,0.9891,13.13333333,6
0.4,0.99052,12.4,6
0.36,0.99212,9.7,5
0.24,0.99176,11,6
0.23,0.99162,11.3,6
0.28,0.99193,12,7
0.23,0.9967,9.2,5
0.34,0.99462,10.7,6
0.34,0.99462,10.7,6
0.22,0.99058,11.4,6
0.23,0.9967,9.2,5
0.32,0.99258,12.1,7
0.29,0.99138,11.1,6
0.38,0.99271,9.7,6
0.32,0.9917,10.7,5
0.33,0.99126,10.9,6
0.37,0.98986,12,7
0.295,0.99154,10.6,6
0.5,0.99642,9.6,5
0.28,0.99154,13.1,6
0.275,0.99313,11,6
0.405,0.99125,11.6,4
0.34,0.99318,11.95,7
0.22,0.99099,11.1,6
0.28,0.99004,11.5,6
0.34,0.99093,11.3,5
0.29,0.98924,11.9,6
0.38,0.99336,9.5,5
0.3,0.98944,12.2,6
0.54,0.99022,12.2,7
0.36,0.99146,11.1,6
0.33,0.99488,9.6,5
0.36,0.99146,11.1,6
0.33,0.99488,9.6,5
0.23,0.99176,11.4,5
0.25,0.99001,11.4,5
0.35,0.99005,12.06666667,6
0.23,0.99755,9,6
0.23,0.99755,9,6
0.38,0.99444,11.4,6
0.35,0.99502,9.6,5
0.43,0.99222,11,6
0.52,0.99224,11,6
0.31,0.99067,11.2,6
0.22,0.99069,11.55,6
0.36,0.98936,13.3,7
0.41,0.99266,9.633333333,5
0.355,0.98822,13.6,6
0.41,0.99138,11.2,6
0.6,0.98854,13,6
0.23,0.99324,10.8,6
0.24,0.99626,9.8,6
0.32,0.99188,11.45,7
0.2,0.9897,12.05,6
0.42,0.99622,9.7,5
0.21,0.99044,11.9,6
0.2,0.99282,10,6
0.22,0.99245,9.7,6
0.38,0.99132,11.6,7
0.54,0.99286,8.8,5
0.53,0.99234,9.5,4
0.34,0.99494,9.533333333,6
0.34,0.99494,9.533333333,6
0.235,0.9954,9.4,6
0.32,0.99184,10.7,5
0.47,0.98964,11.5,6
0.33,0.99492,9.6,5
0.34,0.99494,9.55,6
0.21,0.99168,12.15,7
0.41,0.98928,13,7
0.22,0.9933,9.2,5
0.235,0.9954,9.4,6
0.34,0.98938,11.8,6
0.21,0.99074,10.6,6
0.23,0.99298,9.7,5
0.21,0.99114,11.2,6
0.32,0.9949,9.6,5
0.24,0.99254,9.4,6
0.29,0.98869,12.8,7
0.21,0.98941,11.8,6
